date,bit,rate
2016-09-11,621.65002,0
2016-09-12,609.66998,-0.019271358
2016-09-13,610.91998,-0.01726058
2016-09-14,608.82001,-0.020638638
2016-09-15,610.38,-0.018129204
2016-09-16,609.10999,-0.02017217
2016-09-17,607.03998,-0.023502034
2016-09-18,611.58002,-0.016198825
2016-09-19,610.19,-0.018434842
2016-09-20,608.65997,-0.020896082
2016-09-21,598.88,-0.036628359
2016-09-22,597.41998,-0.038976979
2016-09-23,594.08002,-0.044349713
2016-09-24,603.88,-0.028585248
2016-09-25,601.73999,-0.032027716
2016-09-26,598.97998,-0.036467529
2016-09-27,605.96002,-0.025239282
2016-09-28,605.66998,-0.025705847
2016-09-29,603.84998,-0.028633539
2016-09-30,609.39001,-0.019721724
2016-10-01,614.82001,-0.010986905
2016-10-02,612.97998,-0.013946819
2016-10-03,611.84998,-0.015764562
2016-10-04,609.62,-0.019351757
2016-10-05,607.17999,-0.023276811
2016-10-06,612.08002,-0.015394514
2016-10-07,617.21002,-0.007142282
2016-10-08,614.73999,-0.011115627
2016-10-09,615.65002,-0.009651733
2016-10-10,617.53998,-0.006611501
2016-10-11,614.77002,-0.01106732
2016-10-12,635.01001,0.021491176
2016-10-13,635.96002,0.023019383
2016-10-14,634.02002,0.019898656
2016-10-15,637.94,0.026204423
2016-10-16,641.41998,0.031802396
2016-10-17,638.96997,0.027861255
2016-10-18,636.28998,0.023550164
2016-10-19,629.25,0.012225496
2016-10-20,627.71997,0.009764256
2016-10-21,631.91998,0.016520485
2016-10-22,655.47998,0.054419623
2016-10-23,653.25,0.050832428
2016-10-24,651.39001,0.047840407
2016-10-25,655.31,0.05414619
2016-10-26,651.45001,0.047936924
2016-10-27,682.21997,0.097434164
2016-10-28,687.67999,0.106217273
2016-10-29,685.90997,0.10336998
2016-10-30,698,0.12281827
2016-10-31,702,0.129252759
2016-11-01,697.01001,0.12122575
2016-11-02,733.33002,0.179650923
2016-11-03,686.16998,0.103788238
2016-11-04,683.69,0.099798887
2016-11-05,704.78998,0.133740782
2016-11-06,712,0.14533898
2016-11-07,709.96002,0.142057423
2016-11-08,708.96997,0.140464807
2016-11-09,720.92999,0.15970396
2016-11-10,721.5,0.160620891
2016-11-11,715.45001,0.150888743
2016-11-12,703.71002,0.132003535
2016-11-13,702.28003,0.129703221
2016-11-14,706.46002,0.136427246
2016-11-15,710.90997,0.143585534
2016-11-16,711.72998,0.14490462
2016-11-17,736.96002,0.185490222
2016-11-18,747.52002,0.202477272
2016-11-19,748.97998,0.204825796
2016-11-20,729.06,0.172782074
2016-11-21,738.53003,0.188015775
2016-11-22,736.96997,0.185506227
2016-11-23,741.63,0.193002455
2016-11-24,737.45001,0.18627843
2016-11-25,735.64001,0.183366824
2016-11-26,733.66998,0.18019779
2016-11-27,727.96002,0.171012622
2016-11-28,727.31,0.169966986
2016-11-29,732.71002,0.178653577
2016-11-30,742.69,0.194707594
2016-12-01,742.04999,0.19367806
2016-12-02,772.42999,0.242548002
2016-12-03,764.33002,0.22951821
2016-12-04,762.96997,0.227330404
2016-12-05,754.63,0.213914543
2016-12-06,756.62,0.217115701
2016-12-07,758.98999,0.22092812
2016-12-08,769.71997,0.238188603
2016-12-09,770.02002,0.23867127
2016-12-10,769.08002,0.237159166
2016-12-11,777,0.249899421
2016-12-12,777,0.249899421
2016-12-13,777.98999,0.251491941
2016-12-14,774.89001,0.246505244
2016-12-15,776.75,0.249497265
2016-12-16,775.88,0.248097764
2016-12-17,788.70001,0.268720316
2016-12-18,788.40002,0.268237746
2016-12-19,788.66998,0.268672009
2016-12-20,793.09003,0.2757822
2016-12-21,824.21002,0.325842505
2016-12-22,834.96997,0.343151199
2016-12-23,901.31,0.449867242
2016-12-24,891.60999,0.434263591
2016-12-25,892.59998,0.435856111
2016-12-26,897.33002,0.443464958
2016-12-27,930.37,0.496613802
2016-12-28,930.34003,0.496565592
2016-12-29,963.38,0.54971442
2016-12-30,952.15002,0.531649625
2016-12-31,958.12,0.541253067
2017-01-01,997.71997,0.604954457
2017-01-02,1015.97,0.634311859
2017-01-03,1013.42,0.630209873
2017-01-04,1126.76,0.812531109
2017-01-05,994.66998,0.600048175
2017-01-06,999.65002,0.608059178
2017-01-07,896.83002,0.442660647
2017-01-08,908.14001,0.460854147
2017-01-09,910.48999,0.464634377
2017-01-10,906.04999,0.457492095
2017-01-11,785.21997,0.263122247
2017-01-12,780.91998,0.256205188
2017-01-13,826.28998,0.329188375
2017-01-14,817.90997,0.315708105
2017-01-15,819.54999,0.318346278
2017-01-16,830.5,0.335960707
2017-01-17,903.84003,0.453937104
2017-01-18,906.59998,0.458376821
2017-01-19,895.79889,0.441001948
2017-01-20,893.62109,0.437498691
2017-01-21,895.64001,0.44074637
2017-01-22,918.60364,0.477686175
2017-01-23,922.07361,0.483268045
2017-01-24,919.96997,0.479884083
2017-01-25,893.04565,0.436573025
2017-01-26,915.95624,0.473427508
2017-01-27,915.04999,0.471969694
2017-01-28,920.31226,0.480434699
2017-01-29,915.93298,0.473390092
2017-01-30,912.19,0.467369051
2017-01-31,964.70605,0.551847533
2017-02-01,979.70386,0.575973343
2017-02-02,983.41998,0.581951176
2017-02-03,1013.027,0.629577684
2017-02-04,1030.9994,0.658488485
2017-02-05,1034.0699,0.66342776
2017-02-06,1024.0138,0.647251294
2017-02-07,1050.11,0.68923022
2017-02-08,1052.84,0.693621758
2017-02-09,976.10303,0.570180968
2017-02-10,999.10352,0.607180066
2017-02-11,997.59003,0.604745432
2017-02-12,1000.6046,0.609594736
2017-02-13,999.87738,0.608424914
2017-02-14,1001.2,0.61055251
2017-02-15,1012.326,0.62845004
2017-02-16,1035.2081,0.665258693
2017-02-17,1035.2,0.665245663
2017-02-18,1056.6371,0.699729858
2017-02-19,1052.7793,0.693524115
2017-02-20,1050.87,0.690452773
2017-02-21,1123.7885,0.807751088
2017-02-22,1123.2231,0.806841573
2017-02-23,1130.01,0.817759131
2017-02-24,1174.8662,0.889915808
2017-02-25,1150.6057,0.85088983
2017-02-26,1150.37,0.850510678
2017-02-27,1190.752,0.915470058
2017-02-28,1187.5653,0.910343862
2017-03-01,1190.89,0.915692048
2017-03-02,1259.4108,1.025916126
2017-03-03,1285.14,1.067304687
2017-03-04,1287,1.070296724
2017-03-05,1270.9333,1.044451474
2017-03-06,1275.1974,1.0513108
2017-03-07,1279.5,1.058232058
2017-03-08,1157.3933,0.861808514
2017-03-09,1192.4691,0.918232223
2017-03-10,1192.09,0.917622395
2017-03-11,1179.1599,0.896822749
2017-03-12,1227.4946,0.974575019
2017-03-13,1227.6801,0.974873418
2017-03-14,1245.3707,1.00333091
2017-03-15,1257.3997,1.022681026
2017-03-16,1257,1.022038059
2017-03-17,1091.1719,0.755283302
2017-03-18,952.23236,0.531782079
2017-03-19,967.69,0.556647581
2017-03-20,1049.0845,0.687580578
2017-03-21,1118.63,0.799453011
2017-03-22,1113,0.790396468
2017-03-23,1038.7889,0.671018848
2017-03-24,941.91974,0.51519297
2017-03-25,927.92999,0.492688748
2017-03-26,956.78632,0.53910768
2017-03-27,1037.2292,0.66850988
2017-03-28,1041.04,0.674640017
2017-03-29,1040.5754,0.673892651
2017-03-30,1037.9045,0.669596182
2017-03-31,1034.74,0.664505697
2017-04-01,1086.9296,0.748459045
2017-04-02,1099.1691,0.768147775
2017-04-03,1079.99,0.73729585
2017-04-04,1141.6003,0.836403544
2017-04-05,1133.0793,0.822696475
2017-04-06,1133.53,0.823421481
2017-04-07,1190.4542,0.914991011
2017-04-08,1181.1498,0.900023746
2017-04-09,1184.03,0.9046569
2017-04-10,1207.7449,0.942805214
2017-04-11,1226.6171,0.973163453
2017-04-12,1219.09,0.961055193
2017-04-13,1180.0237,0.898212277
2017-04-14,1185.26,0.906635505
2017-04-15,1170.36,0.882667035
2017-04-16,1186.9274,0.909317722
2017-04-17,1205.6349,0.939411021
2017-04-18,1176.97,0.893300028
2017-04-19,1217.9301,0.959189352
2017-04-20,1241.6863,0.997404102
2017-04-21,1236.63,0.989270426
2017-04-22,1261.3113,1.028973312
2017-04-23,1257.9882,1.0236277
2017-04-24,1240.84,0.996042725
2017-04-25,1279.4147,1.058094842
2017-04-26,1309.1099,1.105863199
2017-04-27,1288.02,1.071937519
2017-04-28,1331.2944,1.141549678
2017-04-29,1334.979,1.147476807
2017-04-30,1333,1.144293344
2017-05-01,1417.1729,1.279695736
2017-05-02,1452.0763,1.335842119
2017-05-03,1447.55,1.328561013
2017-05-04,1508.2921,1.426272101
2017-05-05,1533.3351,1.466556826
2017-05-06,1518.75,1.443094911
2017-05-07,1535.8684,1.470631948
2017-05-08,1640.6193,1.639136568
2017-05-09,1651.1,1.655996054
2017-05-10,1762.8862,1.835817813
2017-05-11,1820.9906,1.929285838
2017-05-12,1829,1.942169937
2017-05-13,1771.92,1.850349784
2017-05-14,1776.3165,1.857422091
2017-05-15,1780,1.863347451
2017-05-16,1739.032,1.797445418
2017-05-17,1807.4851,1.907560592
2017-05-18,1783.98,1.869749767
2017-05-19,1961.5205,2.15534535
2017-05-20,2052.9097,2.302356043
2017-05-21,2008.84,2.231464547
2017-05-22,2090.6624,2.363085873
2017-05-23,2287.7102,2.680061331
2017-05-24,2256.3201,2.62956652
2017-05-25,2387.2063,2.840112963
2017-05-26,2211.9768,2.558234905
2017-05-27,2279.8201,2.667369141
2017-05-28,2192.9807,2.527677358
2017-05-29,2275.9307,2.661112566
2017-05-30,2290.02,2.683776926
2017-05-31,2285.9338,2.677203775
2017-06-01,2399.2427,2.859474982
2017-06-02,2409.9299,2.876666649
2017-06-03,2525.7651,3.063001719
2017-06-04,2516.1731,3.047571815
2017-06-05,2529.53,3.069058021
2017-06-06,2883.3137,3.638162322
2017-06-07,2664.9209,3.286850823
2017-06-08,2683.03,3.315981523
2017-06-09,2827.4912,3.548365011
2017-06-10,2845.3728,3.577129749
2017-06-11,2898.6299,3.6628003
2017-06-12,2657.675,3.275194908
2017-06-13,2748.1851,3.420791461
2017-06-14,2706,3.352931574
2017-06-15,2442.4802,2.929027783
2017-06-16,2464.9597,2.965188805
2017-06-17,2477.9399,2.986069043
2017-06-18,2507.3892,3.033441839
2017-06-19,2617.2102,3.210102334
2017-06-20,2600,3.182417625
2017-06-21,2671.0432,3.296699291
2017-06-22,2727.2881,3.387176083
2017-06-23,2713.48,3.364964068
2017-06-24,2589.1648,3.164987882
2017-06-25,2512.3662,3.041447952
2017-06-26,2502.03,3.024820911
2017-06-27,2517.9031,3.050354732
2017-06-28,2585.3491,3.158849862
2017-06-29,2558.3,3.11533808
2017-06-30,2477.6414,2.985588869
2017-07-01,2501.1914,3.023471921
2017-07-02,2421.26,2.894892499
2017-07-03,2561.2253,3.120043783
2017-07-04,2599.7297,3.181982814
2017-07-05,2598.8899,3.180631893
2017-07-06,2609.9678,3.198452049
2017-07-07,2491.2012,3.007401464
2017-07-08,2502.8601,3.026156229
2017-07-09,2536.239,3.079850267
2017-07-10,2366.1702,2.806273826
2017-07-11,2327.0901,2.743408711
2017-07-12,2385.7485,2.837767913
2017-07-13,2354.7834,2.787956767
2017-07-14,2338.49,2.761746843
2017-07-15,2058.9956,2.312145956
2017-07-16,1931.2144,2.106594286
2017-07-17,1910.96,2.074012609
2017-07-18,2320.1223,2.732200153
2017-07-19,2264.7656,2.643152139
2017-07-20,2265.21,2.643867011
2017-07-21,2682.1953,3.314638806
2017-07-22,2807.6099,3.516383511
2017-07-23,2825.51,3.545178009
2017-07-24,2751.821,3.42664025
2017-07-25,2560.9978,3.119677821
2017-07-26,2564.3,3.124989813
2017-07-27,2647.625,3.259028255
2017-07-28,2781.6365,3.474602124
2017-07-29,2784.8,3.479691
2017-07-30,2745.9553,3.417204555
2017-07-31,2866.4316,3.611005401
2017-08-01,2862.8999,3.605324231
2017-08-02,2693.634,3.333039352
2017-08-03,2794.1177,3.494679659
2017-08-04,2790,3.488055836
2017-08-05,3218.115,4.176731113
2017-08-06,3252.5625,4.232144125
2017-08-07,3210.2,4.163998869
2017-08-08,3457.3743,4.561608926
2017-08-09,3357.3264,4.400669657
2017-08-10,3340.28,4.37324844
2017-08-11,3632.5066,4.843330625
2017-08-12,3852.803,5.197704297
2017-08-13,3868.52,5.222987011
2017-08-14,4282.9922,5.889716178
2017-08-15,4217.0283,5.783605187
2017-08-16,4179.9702,5.723992706
2017-08-17,4328.7256,5.963283939
2017-08-18,4130.4399,5.644317167
2017-08-19,4104.71,5.60292748
2017-08-20,4157.958,5.688583393
2017-08-21,4043.7219,5.504820671
2017-08-22,3986.28,5.412418357
2017-08-23,4174.9502,5.715917422
2017-08-24,4340.3169,5.981929961
2017-08-25,4331.77,5.968181228
2017-08-26,4360.5132,6.014418177
2017-08-27,4354.3081,6.004436516
2017-08-28,4339.0498,5.979891676
2017-08-29,4607.9854,6.412507443
2017-08-30,4594.9878,6.391599215
2017-08-31,4582.52,6.371543236
2017-09-01,4911.7402,6.901134146
2017-09-02,4580.3877,6.368113171
2017-09-03,4585.5698,6.376449212
2017-09-04,4344.0981,5.988012483
2017-09-05,4488.7202,6.220654799
2017-09-06,4385.02,6.053840359
2017-09-07,4654.6587,6.487587148
2017-09-08,4310.75,5.934367991
2017-09-09,4312.2598,5.936796688
2017-09-10,4329.9551,5.96526174
2017-09-11,4248.0898,5.833571404
2017-09-12,4198.5898,5.753944607
2017-09-13,3961.2712,5.372188647
2017-09-14,3319.6299,4.340030231
2017-09-15,3216.4299,4.174020424
2017-09-16,3763.626,5.054252198
2017-09-17,3746.0608,5.025996428
2017-09-18,3678.53,4.917364886
2017-09-19,3943.4133,5.343462034
2017-09-20,3977.5618,5.398394067
2017-09-21,3894.48,5.264746843
2017-09-22,3637.5024,4.85136698
2017-09-23,3776.387,5.074779825
2017-09-24,3777.6201,5.076763417
2017-09-25,3942.5549,5.342081192
2017-09-26,3910.3074,5.290207149
2017-09-27,3881,5.243062616
2017-09-28,4201.9893,5.759413118
2017-09-29,4193.5747,5.745877206
2017-09-30,4164.27,5.698737016
2017-10-01,4360.7231,6.014755827
2017-10-02,4386.8838,6.056838509
2017-10-03,4394.0698,6.068398067
2017-10-04,4225.1748,5.796709827
2017-10-05,4338.8521,5.979573651
2017-10-06,4318.5801,5.946963663
2017-10-07,4376.1919,6.039639281
2017-10-08,4602.2808,6.403330897
2017-10-09,4605.6602,6.408767074
2017-10-10,4782.2798,6.692881277
2017-10-11,4819.4858,6.752731674
2017-10-12,4822.1699,6.757049376
2017-10-13,5563.8066,7.950062609
2017-10-14,5739.439,8.23258878
2017-10-15,5825.9902,8.371816959
2017-10-16,5711.2061,8.187172712
2017-10-17,5603.7129,8.014256768
2017-10-18,5594.6602,7.999694394
2017-10-19,5727.6333,8.21359787
2017-10-20,5979.46,8.618691881
2017-10-21,5986.4399,8.629919903
2017-10-22,5983.1846,8.624683355
2017-10-23,5876.0801,8.452392682
2017-10-24,5900.5898,8.491819529
2017-10-25,5669.6226,8.120280572
2017-10-26,5893.1382,8.47983272
2017-10-27,5889.8198,8.474494668
2017-10-28,5776.6968,8.292522503
2017-10-29,6155.4341,8.901767718
2017-10-30,6136.4902,8.871294141
2017-10-31,6388.645,9.276915941
2017-11-01,6665.3066,9.721959922
2017-11-02,6751.98,9.861384674
2017-11-03,7197.7202,10.57841224
2017-11-04,7437.5435,10.96419731
2017-11-05,7365.9902,10.84909509
2017-11-06,6989.0718,10.2427758
2017-11-07,7092.1274,10.40855332
2017-11-08,7128.6401,10.46728846
2017-11-09,7158.0371,10.51457712
2017-11-10,6719.3979,9.808972386
2017-11-11,6569.2202,9.567393209
2017-11-12,5716.3018,8.195369768
2017-11-13,6550.2275,9.536841131
2017-11-14,6493.6299,9.445796978
2017-11-15,7301.4297,10.74524164
2017-11-16,7815.0308,11.57143175
2017-11-17,7868.77,11.65787782
2017-11-18,7817.1406,11.57482562
2017-11-19,8007.6543,11.88129018
2017-11-20,8049.7202,11.94895832
2017-11-21,8059.7998,11.96517259
2017-11-22,8268.0352,12.30014467
2017-11-23,8236.7197,12.24976986
2017-11-24,8250.9785,12.27270688
2017-11-25,8707.4072,13.00692821
2017-11-26,8768.7998,13.1056857
2017-11-27,9718.2949,14.63306457
2017-11-28,9952.5088,15.00982624
2017-11-29,9919,14.95592324
2017-11-30,10147.372,15.3232875
2017-12-01,10883.912,16.50810207
2017-12-02,10879.88,16.5016161
2017-12-03,11332.622,17.22990692
2017-12-04,11584.83,17.6356143
2017-12-05,11591.22,17.64589339
2017-12-06,13540.98,20.78232054
2017-12-07,16501.971,25.54543629
2017-12-08,16860.881,26.12278687
2017-12-09,15142.834,23.35909839
2017-12-10,14869.805,22.91989789
2017-12-11,15068.95,23.24024695
2017-12-12,17276.393,26.79118868
2017-12-13,16808.367,26.03831169
2017-12-14,16252.31,25.14382607
2017-12-15,17771.9,27.58827222
2017-12-16,19498.684,30.36601524
2017-12-17,19279.9,30.01407445
2017-12-18,18961.857,29.50246343
2017-12-19,17737.111,27.53230987
2017-12-20,17382.939,26.96258094
2017-12-21,16047.51,24.81438025
2017-12-22,15190.945,23.43649081
2017-12-23,13776.61,21.16136018
2017-12-24,13949.175,21.43895207
2017-12-25,14119.028,21.71218137
2017-12-26,13740.94,21.10398063
2017-12-27,15589.321,24.07732727
2017-12-28,14380.582,22.13292293
2017-12-29,14214.01,21.86497152
2017-12-30,13215.574,20.25886524
2017-12-31,14165.575,21.7870579
2018-01-01,13796,21.19255137
2018-01-02,15005.856,23.13875254
2018-01-03,15053.262,23.21501088
2018-01-04,15039.24,23.19245478
2018-01-05,17174.119,26.62666846
2018-01-06,17319.197,26.86004415
2018-01-07,17155.949,26.59743979
2018-01-08,15265.906,23.55707473
2018-01-09,14714.253,22.66967349
2018-01-10,14437.42,22.22435379
2018-01-11,13296.794,20.38951753
2018-01-12,13912.882,21.38057034
2018-01-13,13791.19,21.18481389
2018-01-14,13852.92,21.28411414
2018-01-15,14012.196,21.54032904
2018-01-16,13554.14,20.80349001
2018-01-17,11116.946,16.88296572
2018-01-18,11345.423,17.25049889
2018-01-19,11174.82,16.97606312
2018-01-20,12950.793,19.83293265
2018-01-21,11505.228,17.50756475
2018-01-22,11513.42,17.52074259
2018-01-23,11223.064,17.05366949
2018-01-24,11282.259,17.14889188
2018-01-25,11392.03,17.32547194
2018-01-26,10969.815,16.64628754
2018-01-27,11524.776,17.5390101
2018-01-28,11431.37,17.38875514
2018-01-29,11212.655,17.03692534
2018-01-30,10184.062,15.38230785
2018-01-31,10082.52,15.21896513
2018-02-01,9083.2588,13.61153142
2018-02-02,8901.9014,13.31979589
2018-02-03,8852.7305,13.24069849
2018-02-04,8400.6484,12.5134692
2018-02-05,6838.8169,10.00107244
2018-02-06,6925.46,10.14044845
2018-02-07,8099.9585,12.02977277
2018-02-08,8240.5371,12.25591062
2018-02-09,8245.0801,12.26321859
2018-02-10,8319.877,12.38353854
2018-02-11,8343.4551,12.42146679
2018-02-12,8068.02,11.97839579
2018-02-13,8597.7676,12.83055952
2018-02-14,9334.6338,14.01589882
2018-02-15,9471.6396,14.23628938
2018-02-16,10127.162,15.29077724
2018-02-17,10841.991,16.44066702
2018-02-18,11085.83,16.83291184
2018-02-19,11110.965,16.87334455
2018-02-20,11390.392,17.32283702
2018-02-21,11245.98,17.09053268
2018-02-22,9931.0713,14.9753414
2018-02-23,10162.116,15.34700502
2018-02-24,10171.3,15.36177861
2018-02-25,9696.5938,14.5981557
2018-02-26,10348.604,15.64699375
2018-02-27,10319.46,15.60011207
2018-02-28,10370.165,15.68167726
2018-03-01,11009.382,16.70993589
2018-03-02,10931.12,16.5840419
2018-03-03,11326.948,17.2207796
2018-03-04,11430.182,17.3868441
2018-03-05,11516.83,17.52622799
2018-03-06,10763.198,16.31391885
2018-03-07,10118.058,15.27613235
2018-03-08,9920.46,14.95827183
2018-03-09,9089.2783,13.62121452
2018-03-10,8746.002,13.06901266
2018-03-11,8777.3701,13.11947208
2018-03-12,9182.8438,13.77172606
2018-03-13,9154.7002,13.72645364
2018-03-14,9153.54,13.72458732
2018-03-15,8358.1221,12.44506045
2018-03-16,8530.4023,12.7221942
2018-03-17,8297.8896,12.34816912
2018-03-18,8171.415,12.14471927
2018-03-19,8412.0332,12.53178304
2018-03-20,8605.6396,12.84322259
2018-03-21,8947.7529,13.39355363
2018-03-22,8690.4082,12.97958324
2018-03-23,8725.3701,13.03582373
2018-03-24,8662.3779,12.93449308
2018-03-25,8617.2969,12.86197478
2018-03-26,8457.96,12.60566191
2018-03-27,7876.1948,11.66982152
2018-03-28,7960.3799,11.80524354
2018-03-29,7950.6099,11.7895273
2018-03-30,6882.5317,10.07139303
2018-03-31,6935.48,10.15656684
2018-04-01,6937.5601,10.15991294
2018-04-02,7035.8481,10.31802119
2018-04-03,7410.4351,10.92059014
2018-04-04,7426.48,10.94640032
2018-04-05,6826.5098,9.981274962
2018-04-06,6603.8765,9.623142102
2018-04-07,6634.6802,9.672693616
2018-04-08,7017.6567,10.2887581
2018-04-09,6699.2734,9.776599669
2018-04-10,6784.4102,9.913552613
2018-04-11,6926.2666,10.14174596
2018-04-12,7847.8452,11.62421772
2018-04-13,7941.46,11.77480857
2018-04-14,8036.5112,11.92771003
2018-04-15,8340.748,12.41711209
2018-04-16,8368.0996,12.46111048
2018-04-17,7895.417,11.70074277
2018-04-18,8164.9375,12.13429942
2018-04-19,8175.96,12.15203046
2018-04-20,8852.7188,13.24067967
2018-04-21,8807.2051,13.16746532
2018-04-22,8930.5996,13.36596045
2018-04-23,8933.8613,13.37120729
2018-04-24,9555.542,14.37125664
2018-04-25,9658.1104,14.53625045
2018-04-26,9258.3984,13.89326486
2018-04-27,9010.3203,13.49420093
2018-04-28,8928.5498,13.36266309
2018-04-29,9334.2813,14.01533178
2018-04-30,9259.5703,13.89515001
2018-05-01,9239.5498,13.86294459
2018-05-02,9221.4258,13.83378992
2018-05-03,9639.2686,14.50594111
2018-05-04,9753.3496,14.68945433
2018-05-05,9803.3066,14.76981627
2018-05-06,9630.1367,14.49125133
2018-05-07,9631.4404,14.49334849
2018-05-08,9228.6084,13.84534401
2018-05-09,9322.042,13.99564337
2018-05-10,9310.3701,13.97686769
2018-05-11,8468.7881,12.62308023
2018-05-12,8484.3467,12.64810814
2018-05-13,8463.5195,12.61460505
2018-05-14,8652.0381,12.91786025
2018-05-15,8511.458,12.69171998
2018-05-16,8471.0596,12.62673422
2018-05-17,8106.1182,12.0396814
2018-05-18,8240.0547,12.25513462
2018-05-19,8239.0801,12.25356685
2018-05-20,8507.4063,12.68520233
2018-05-21,8385.5566,12.4891922
2018-05-22,8396.6299,12.50700495
2018-05-23,7555.7402,11.15433115
2018-05-24,7566.1934,11.1711464
2018-05-25,7576.7798,11.18817591
2018-05-26,7342.9082,10.81196487
2018-05-27,7361.8315,10.84240531
2018-05-28,7344.5601,10.81462216
2018-05-29,7459.8765,11.00012267
2018-05-30,7385.395,10.88031008
2018-05-31,7386.7202,10.88244183
2018-06-01,7535.1465,11.12120366
2018-06-02,7645.1465,11.2981521
2018-06-03,7637.1401,11.28527283
2018-06-04,7500.2734,11.06510602
2018-06-05,7615.7222,11.25081952
2018-06-06,7619.4302,11.25678429
2018-06-07,7676.2715,11.34822047
2018-06-08,7620.1533,11.25794749
2018-06-09,7615.54,11.25052643
2018-06-10,6776.8882,9.901452557
2018-06-11,6875.6782,10.06036834
2018-06-12,6879.3101,10.0662107
2018-06-13,6315.7002,9.159575319
2018-06-14,6647.0132,9.692532753
2018-06-15,6637.4102,9.677085155
2018-06-16,6509.4268,9.471208221
2018-06-17,6464.4116,9.398795773
2018-06-18,6445.79,9.368840654
2018-06-19,6737,9.837287514
2018-06-20,6714.7183,9.801444678
2018-06-21,6760.8301,9.875621141
2018-06-22,6332.5732,9.1867176
2018-06-23,6141.606,8.87952353
2018-06-24,6170.46,8.925938714
2018-06-25,6211.4473,8.991871793
2018-06-26,6218.5952,9.003370063
2018-06-27,6097.46,8.808509296
2018-06-28,6107.896,8.825296877
2018-06-29,5908.7026,8.504869959
2018-06-30,6223.2798,9.010905815
2018-07-01,6374.7544,9.254571214
2018-07-02,6466.0693,9.401462386
2018-07-03,6626.4399,9.659438087
2018-07-04,6593.2891,9.606110975
2018-07-05,6603.3765,9.622337791
2018-07-06,6555.5098,9.545338356
2018-07-07,6594.2817,9.607707694
2018-07-08,6753.5591,9.86392485
2018-07-09,6724.04,9.816439771
2018-07-10,6510.7915,9.473403508
2018-07-11,6377.3633,9.258767948
2018-07-12,6403.1802,9.300297585
2018-07-13,6244.3574,9.044811709
2018-07-14,6241,9.039410921
2018-07-15,6248.8398,9.052022197
2018-07-16,6514.3906,9.4791931
2018-07-17,6869.9106,10.05109045
2018-07-18,7321.6201,10.77772036
2018-07-19,7396.4019,10.89801603
2018-07-20,7428.0449,10.94891766
2018-07-21,7334.9902,10.7992278
2018-07-22,7451.2891,10.98630879
2018-07-23,7689.8843,11.37011832
2018-07-24,7715.1001,11.41068101
2018-07-25,8251.165,12.27300689
2018-07-26,8187.3242,12.17031117
2018-07-27,7939.8101,11.7721545
2018-07-28,8182.2515,12.16215111
2018-07-29,8206.3418,12.2009033
2018-07-30,8220.9102,12.22433835
2018-07-31,7916.8008,11.73514123
2018-08-01,7570.8691,11.17866783
2018-08-02,7607.7002,11.23791515
2018-08-03,7394.499,10.89495498
2018-08-04,7247.769,10.65892185
2018-08-05,7011.2798,10.27850008
2018-08-06,6988.0791,10.24117892
2018-08-07,6993.5132,10.24992033
2018-08-08,6718.23,9.807093676
2018-08-09,6396.7725,9.289990017
2018-08-10,6396.4946,9.289542981
2018-08-11,6138.96,8.875267116
2018-08-12,6311.1318,9.152226489
2018-08-13,6347.0698,9.210037152
2018-08-14,6252.1299,9.057314725
2018-08-15,6362.6768,9.235142919
2018-08-16,6342.6294,9.202894227
2018-08-17,6312.75,9.154829561
2018-08-18,6436.7207,9.354251577
2018-08-19,6404.0635,9.301718481
2018-08-20,6486.5801,9.434456513
2018-08-21,6401.2461,9.297186349
2018-08-22,6575.229,9.577059098
2018-08-23,6354.5698,9.222101819
2018-08-24,6543.6455,9.52625318
2018-08-25,6719.4292,9.809022736
2018-08-26,6738.27,9.839330464
2018-08-27,6719.2661,9.80876037
2018-08-28,7000.04,10.26041949
2018-08-29,7078.1899,10.38613315
2018-08-30,6932.6626,10.15203471
2018-08-31,6981.9463,10.23131356
2018-09-01,7018.7798,10.29056475
2018-09-02,7247.9355,10.65918968
2018-09-03,7260.9492,10.68012381
2018-09-04,7265.0801,10.68676887
2018-09-05,7113.0693,10.44224093
2018-09-06,6433.2715,9.348703118
2018-09-07,6501.1899,9.457958161
2018-09-08,6366.1074,9.240661458
2018-09-09,6286.4258,9.11248387
2018-09-10,6240.98,9.039378749
2018-09-11,6296.3208,9.128401186
2018-09-12,6273.1377,9.091108338
2018-09-13,6326.04,9.17620815
2018-09-14,6499.0625,9.454535978
2018-09-15,6518.6548,9.486052586
2018-09-16,6522.3901,9.492061273
2018-09-17,6400.6011,9.296148788
2018-09-18,6296.6318,9.128901468
2018-09-19,6342.3901,9.202509283
2018-09-20,6418.5625,9.325041894
2018-09-21,6669.9907,9.729494869
2018-09-22,6756.1201,9.868044531
2018-09-23,6710.4448,9.794570231
2018-09-24,6639.3042,9.680131885
2018-09-25,6583.4502,9.590283903
2018-09-26,6468.6318,9.40558448
2018-09-27,6535.4766,9.513112507
2018-09-28,6686.0801,9.755376635
2018-09-29,6550.4741,9.537237818
2018-09-30,6593.1348,9.605862765
2018-10-01,6611.02,9.634633294
2018-10-02,6562.6416,9.556810728
2018-10-03,6470.4023,9.408432545
2018-10-04,6483.73,9.429871779
2018-10-05,6568.5493,9.566313985
2018-10-06,6581.4868,9.587125534
2018-10-07,6573.6201,9.574470986
2018-10-08,6618.5679,9.646775013
2018-10-09,6621.7114,9.651831717
2018-10-10,6626.8501,9.660097944
2018-10-11,6248.6357,9.051693878
2018-10-12,6260.5308,9.070828599
2018-10-13,6247,9.049062654
2018-10-14,6299.3989,9.133352686
2018-10-15,6452.5718,9.379750008
2018-10-16,6599.1699,9.615570961
2018-10-17,6596.2764,9.610916412
2018-10-18,6568.0405,9.565495518
2018-10-19,6509.6099,9.47150276
2018-10-20,6488.8257,9.438068835
2018-10-21,6531.6016,9.506879096
2018-10-22,6504.7798,9.463732954
2018-10-23,6481.4258,9.426165192
2018-10-24,6508.3101,9.469411873
2018-10-25,6489.77,9.439587857
2018-10-26,6473.7534,9.413823199
2018-10-27,6465.9175,9.401218197
2018-10-28,6457.21,9.387211119
2018-10-29,6382.6685,9.26730201
2018-10-30,6309.4526,9.149525291
2018-10-31,6301.6099,9.13690935
2018-11-01,6342.2808,9.202333461
2018-11-02,6387.6743,9.275354451
2018-11-03,6390.4199,9.279771084
2018-11-04,6391.8735,9.282109377
2018-11-05,6436.9648,9.354644242
2018-11-06,6437.7598,9.355923096
2018-11-07,6538.79,9.518442515
2018-11-08,6486.2515,9.43392792
2018-11-09,6444.9702,9.367521906
2018-11-10,6399.0332,9.293626629
2018-11-11,6378.2686,9.260224234
2018-11-12,6408.5298,9.308903071
2018-11-13,6372.0635,9.250242572
2018-11-14,6176.1548,8.935099495
2018-11-15,5756.77,8.260467811
2018-11-16,5596.1924,8.002159125
2018-11-17,5558.2432,7.941113201
2018-11-18,5572.4399,7.963950327
2018-11-19,5303.9424,7.532039298
2018-11-20,4671.9702,6.51543481
2018-11-21,4491.98,6.225898585
2018-11-22,4548.7974,6.317296314
2018-11-23,4309.3374,5.932095651
2018-11-24,4352.98,6.002300104
2018-11-25,3823.5117,5.150585662
2018-11-26,3920.5366,5.306662067
2018-11-27,3793.3501,5.102067044
2018-11-28,4103.4536,5.600906407
2018-11-29,4263.7832,5.858816155
2018-11-30,4278.77,5.882924254
2018-12-01,4116.7773,5.622339206
2018-12-02,4167.5469,5.70400831
2018-12-03,4140.6001,5.66066109
2018-12-04,3961.4934,5.372546083
2018-12-05,3858.3491,5.206625876
2018-12-06,3744.98,5.024257829
2018-12-07,3405.6433,4.478393293
2018-12-08,3435.3401,4.526164223
2018-12-09,3453.6599,4.55563386
2018-12-10,3523.96,4.668720159
2018-12-11,3426.1899,4.511445009
2018-12-12,3407.28,4.481026125
2018-12-13,3406.7625,4.480193663
2018-12-14,3278.3743,4.273665559
2018-12-15,3242.4199,4.215828514
2018-12-16,3271.2383,4.262186431
2018-12-17,3392.405,4.45709787
2018-12-18,3556.54,4.721129069
2018-12-19,3808.0425,5.125701564
2018-12-20,3982.8508,5.40690207
2018-12-21,4135.1899,5.651958123
2018-12-22,3910.9734,5.291278491
2018-12-23,4027.4783,5.478690856
2018-12-24,3995.1699,5.426718847
2018-12-25,3813.8799,5.135091735
2018-12-26,3825.3792,5.153589764
2018-12-27,3848.21,5.190315895
2018-12-28,3743.905,5.02252856
2018-12-29,3912.2859,5.293389808
2018-12-30,3770.3601,5.065084821
2018-12-31,3791.5459,5.099164768
2019-01-01,3752.2717,5.035987419
2019-01-02,3855.8799,5.202653866
2019-01-03,3865.7976,5.218607698
2019-01-04,3822.6267,5.149162032
2019-01-05,3856.6201,5.203844568
2019-01-06,3920.4568,5.306533699
2019-01-07,4036.0933,5.492549136
2019-01-08,4032.25,5.486366718
2019-01-09,4034.1384,5.48940444
2019-01-10,3812.5859,5.133010178
2019-01-11,3646.25,4.865438563
2019-01-12,3646.3459,4.86559283
2019-01-13,3599.8416,4.790784982
2019-01-14,3531.96,4.681589136
2019-01-15,3656.7849,4.882385237
2019-01-16,3621.2708,4.825256468
2019-01-17,3621.4299,4.8255124
2019-01-18,3632.395,4.843151103
2019-01-19,3690.5234,4.936657735
2019-01-20,3703.98,4.95830432
2019-01-21,3548.4275,4.708079121
2019-01-22,3540.02,4.694554631
2019-01-23,3587.3501,4.770690878
2019-01-24,3566.3999,4.736989922
2019-01-25,3586.25,4.768921233
2019-01-26,3577.79,4.75531229
2019-01-27,3576.3,4.752915443
2019-01-28,3554.5,4.71784748
2019-01-29,3448.5801,4.547462381
2019-01-30,3421.6001,4.504061755
2019-01-31,3470,4.581918907
2019-02-01,3444.8101,4.541397875
2019-02-02,3475.3301,4.590493024
2019-02-03,3506.22,4.640183201
2019-02-04,3456.02,4.559430369
2019-02-05,3452.3501,4.553526886
2019-02-06,3467.3401,4.577640133
2019-02-07,3405.7,4.478484502
2019-02-08,3394.76,4.460886175
2019-02-09,3661.0801,4.889294591
2019-02-10,3664.3799,4.894602722
2019-02-11,3686.29,4.929847794
2019-02-12,3629.47,4.838445883
2019-02-13,3632.4199,4.843191158
2019-02-14,3614.5,4.814364809
2019-02-15,3600.3101,4.791538622
2019-02-16,3608.2,4.80423049
2019-02-17,3619.55,4.822488351
2019-02-18,3670.74,4.90483372
2019-02-19,3910.8,5.290999556
2019-02-20,3926.53,5.316303183
2019-02-21,3987.1799,5.413865956
2019-02-22,3944.8799,5.345821239
2019-02-23,3983.48,5.407914215
2019-02-24,4139.6001,5.659052468
2019-02-25,3766.8899,5.05950258
2019-02-26,3848.3301,5.190509091
2019-02-27,3831.45,5.163355388
2019-02-28,3833.23,5.166218735
2019-03-01,3850.0801,5.193324179
2019-03-02,3834.6201,5.168454881
2019-03-03,3831.4399,5.163339141
2019-03-04,3814.5801,5.136218093
2019-03-05,3730.98,5.001737119
2019-03-06,3872.25,5.228987172
2019-03-07,3876.8501,5.236386995
2019-03-08,3886.8201,5.252424958
2019-03-09,3875.96,5.23495516
2019-03-10,3950.5601,5.354958534
2019-03-11,3928.1699,5.318941162
2019-03-12,3881.0901,5.243207553
2019-03-13,3892.51,5.261577857
2019-03-14,3877.77,5.237866766
2019-03-15,3885.21,5.249834915
2019-03-16,3936.5,5.332341146
2019-03-17,4015.95,5.460146177
2019-03-18,3994.9199,5.426316692
2019-03-19,3998.77,5.432510048
2019-03-20,4029.1101,5.481315805
2019-03-21,4056.3999,5.525214782
2019-03-22,3992.3401,5.422166768
2019-03-23,3999.0601,5.432976709
2019-03-24,4011.9199,5.453663269
2019-03-25,3994.1101,5.42501403
2019-03-26,3935.8899,5.331359726
2019-03-27,3947.74,5.350422059
2019-03-28,4048.51,5.512522914
2019-03-29,4037.3701,5.494603024
2019-03-30,4115.5498,5.620364623
2019-03-31,4114.4399,5.618579213
2019-04-01,4114.1602,5.618129281
2019-04-02,4152.5298,5.67985147
2019-04-03,4882.8799,6.854708828
2019-04-04,4959.8101,6.978460453
2019-04-05,4911.2402,6.900329835
2019-04-06,5028.77,7.089390876
2019-04-07,5053.52,7.129204275
2019-04-08,5189.3901,7.347767929
2019-04-09,5268.71,7.475363678
2019-04-10,5175.8101,7.32592284
2019-04-11,5310.1802,7.542073561
2019-04-12,5035.02,7.099444765
2019-04-13,5072.8501,7.160299102
2019-04-14,5064.6201,7.147060142
2019-04-15,5152.5098,7.288441461
2019-04-16,5036.1802,7.101311088
2019-04-17,5196.6499,7.359446204
2019-04-18,5220.3701,7.397603044
2019-04-19,5276.3101,7.487589367
2019-04-20,5277.04,7.488763501
2019-04-21,5309.2798,7.540625158
2019-04-22,5281.8301,7.496468962
2019-04-23,5377.1899,7.64986685
2019-04-24,5518.1602,7.876634798
2019-04-25,5434.1899,7.741558313
2019-04-26,5195.6099,7.357773237
2019-04-27,5292.8301,7.514163806
2019-04-28,5280.1899,7.4938305
2019-04-29,5301.29,7.527772588
2019-04-30,5260.6499,7.462398023
2019-05-01,5269.79,7.47710099
2019-05-02,5326.6699,7.568599258
2019-05-03,5390.1602,7.670731162
2019-05-04,5657.1401,8.100200946
2019-05-05,5771.0801,8.283487355
2019-05-06,5717.6602,8.19755492
2019-05-07,5684.4702,8.14416475
2019-05-08,5755.7202,8.25877908
2019-05-09,5936.7202,8.549939691
2019-05-10,6146.9102,8.888055984
2019-05-11,6348.02,9.211565665
2019-05-12,7248.3101,10.65979227
2019-05-13,6978.6299,10.22597873
2019-05-14,7823.1099,11.58442797
2019-05-15,7992.6899,11.85721812
2019-05-16,8206.9004,12.20180188
2019-05-17,7885.96,11.68553004
2019-05-18,7362.2202,10.84303058
2019-05-19,7265.0498,10.68672013
2019-05-20,8193.7002,12.18056774
2019-05-21,8007.0298,11.8802856
2019-05-22,7952.5,11.79256775
2019-05-23,7625.9302,11.26724034
2019-05-24,7880.29,11.67640915
2019-05-25,8003.2598,11.87422109
2019-05-26,8071.4502,11.98391368
2019-05-27,8744.4199,13.06646766
2019-05-28,8770.0596,13.10771225
2019-05-29,8719.8799,13.02699207
2019-05-30,8662.9805,12.93546243
2019-05-31,8272.46,12.3072625
2019-06-01,8553.8096,12.7598477
2019-06-02,8554.7998,12.76144056
2019-06-03,8739.0303,13.05779783
2019-06-04,8134.9199,12.08601245
2019-06-05,7675.7998,11.34746168
2019-06-06,7786.04,11.52479651
2019-06-07,7803.23,11.55244872
2019-06-08,7998.29,11.86622656
2019-06-09,7931.3398,11.75852899
2019-06-10,7640.6099,11.29085443
2019-06-11,8020.3799,11.90176087
2019-06-12,7917.5801,11.73639483
2019-06-13,8173.0601,12.14736562
2019-06-14,8237.8799,12.25163619
2019-06-15,8693.5996,12.984717
2019-06-16,8859.4697,13.25153931
2019-06-17,8978.9902,13.44380264
2019-06-18,9327.4805,14.00439186
2019-06-19,9076.1797,13.60014382
2019-06-20,9281.7002,13.93074866
2019-06-21,9531.3496,14.33234021
2019-06-22,10209.38,15.42303494
2019-06-23,10668.63,16.16179467
2019-06-24,10814.48,16.39641221
2019-06-25,11017.5,16.72299468
2019-06-26,11766.4,17.92769182
2019-06-27,12932.55,19.80358656
2019-06-28,11132.85,16.90854925
2019-06-29,12374.35,18.90565367
2019-06-30,11890.38,18.1271288
2019-07-01,10737.73,16.27295046
2019-07-02,10578.72,16.01716345
2019-07-03,10805.4,16.38180592
2019-07-04,11984.76,18.27895056
2019-07-05,11160.49,16.95301157
2019-07-06,10955.16,16.62271318
2019-07-07,11232.04,17.06810848
2019-07-08,11477.01,17.46217265
2019-07-09,12313.08,18.80709339
2019-07-10,12586.78,19.24737327
2019-07-11,12099.9,18.46416731
2019-07-12,11352.87,17.2624783
2019-07-13,11803.97,17.98812776
2019-07-14,11389.1,17.32075868
2019-07-15,10186.96,15.38696963
2019-07-16,10873.5,16.49135309
2019-07-17,9397.7197,14.11738019
2019-07-18,9674.2803,14.5622617
2019-07-19,10638.56,16.1134234
2019-07-20,10535.75,15.94804096
2019-07-21,10764.9,16.31665673
2019-07-22,10587.41,16.03114238
2019-07-23,10323.62,15.60680394
2019-07-24,9844.2998,14.83575884
2019-07-25,9772.1699,14.71972908
2019-07-26,9875.1699,14.88541717
2019-07-27,9848.6504,14.84275731
2019-07-28,9473.9902,14.24007061
2019-07-29,9530,14.33016922
2019-07-30,9501.3301,14.28405018
2019-07-31,9589.1299,14.42528688
2019-08-01,10084.7,15.22247193
2019-08-02,10407.17,15.74120432
2019-08-03,10529.55,15.9380675
2019-08-04,10814.57,16.39655699
2019-08-05,10980.23,16.66304134
2019-08-06,11787.99,17.96242197
2019-08-07,11465.67,17.44393088
2019-08-08,11960.82,18.24044014
2019-08-09,11996.41,18.29769101
2019-08-10,11856.64,18.07285389
2019-08-11,11282.22,17.14882914
2019-08-12,11566.84,17.60667518
2019-08-13,11386.26,17.31619019
2019-08-14,10858.12,16.46661248
2019-08-15,10016.96,15.11350387
2019-08-16,10302.17,15.57229899
2019-08-17,10359.44,15.66442478
2019-08-18,10214.52,15.43130326
2019-08-19,10317.6,15.59712003
2019-08-20,10917.26,16.5617464
2019-08-21,10760.56,16.30967531
2019-08-22,10129.4,15.29437734
2019-08-23,10111.98,15.26635514
2019-08-24,10405.81,15.73901659
2019-08-25,10143.8,15.3175415
2019-08-26,10135.06,15.30348214
2019-08-27,10360.28,15.66577603
2019-08-28,10171.95,15.36282421
2019-08-29,9717.8203,14.63230111
2019-08-30,9484.5498,14.25705702
2019-08-31,9577.9902,14.40736732
2019-09-01,9600.9004,14.44422117
2019-09-02,9769.79,14.71590072
2019-09-03,10386.64,15.70817931
2019-09-04,10621.29,16.0856425
2019-09-05,10584.16,16.02591436
2019-09-06,10577.8,16.01568352
2019-09-07,10317.47,15.59691091
2019-09-08,10487.21,15.86995844
2019-09-09,10406.31,15.7398209
2019-09-10,10313.66,15.59078206
2019-09-11,10101.03,15.24874073
2019-09-12,10159.32,15.34250732
2019-09-13,10420.16,15.76210032
2019-09-14,10363.9,15.67159924
2019-09-15,10361.33,15.66746508
2019-09-16,10310.43,15.58558621
2019-09-17,10265.63,15.51351994
2019-09-18,10190.36,15.39243895
2019-09-19,10157.59,15.3397244
2019-09-20,10275.88,15.53000832
2019-09-21,10173.11,15.36469022
2019-09-22,9979.4902,15.05322911
2019-09-23,10033.05,15.1393866
2019-09-24,9683.3799,14.57689952
2019-09-25,8553.6104,12.75952727
2019-09-26,8432.2305,12.56427287
2019-09-27,8055.6401,11.9584812
2019-09-28,8193.9004,12.18088979
2019-09-29,8225,12.23091729
2019-09-30,8056.7402,11.96025085
2019-10-01,8307.7402,12.36401501
2019-10-02,8322.9199,12.38843341
2019-10-03,8382.0303,12.48351971
2019-10-04,8236.1699,12.24888544
2019-10-05,8155.48,12.11908588
2019-10-06,8147.6899,12.10655455
2019-10-07,7869.7402,11.65943851
2019-10-08,8212.0195,12.21003657
2019-10-09,8190,12.17461552
2019-10-10,8587.9199,12.81471829
2019-10-11,8586.9004,12.8130783
2019-10-12,8269.7305,12.30287177
2019-10-13,8308.0098,12.3644487
2019-10-14,8283.7598,12.32543961
2019-10-15,8353.54,12.43768959
2019-10-16,8162.1602,12.1298318
2019-10-17,8002.5098,11.87301463
2019-10-18,8076.7798,11.99248699
2019-10-19,7954.1499,11.79522182
2019-10-20,7960.04,11.80469676
2019-10-21,8231.0596,12.2406649
2019-10-22,8222.5195,12.22692711
2019-10-23,8026.7598,11.91202371
2019-10-24,7469.5601,11.01569993
2019-10-25,7431.8799,10.95508672
2019-10-26,8666.79,12.94159048
2019-10-27,9259.7998,13.89551919
2019-10-28,9551.54,14.36481894
2019-10-29,9218.7598,13.82950133
2019-10-30,9433.3496,14.17469524
2019-10-31,9164.6201,13.74241101
2019-11-01,9147.9805,13.71564418
2019-11-02,9252.9902,13.88456511
2019-11-03,9301.1797,13.96208381
2019-11-04,9206.1602,13.80923334
2019-11-05,9418.0498,14.15008364
2019-11-06,9310.1904,13.97657862
2019-11-07,9343.3398,14.02990348
2019-11-08,9204.2402,13.80614478
2019-11-09,8766.04,13.10124623
2019-11-10,8809.4102,13.17101249
2019-11-11,9037.1201,13.53731169
2019-11-12,8717.8096,13.02366174
2019-11-13,8801.5195,13.15831934
2019-11-14,8762.4199,13.09542286
2019-11-15,8632.3203,12.88614176
2019-11-16,8457.6904,12.60522823
2019-11-17,8482.7002,12.64545955
2019-11-18,8503.9297,12.67960979
2019-11-19,8175.9902,12.15207904
2019-11-20,8120.7998,12.06329854
2019-11-21,8081.8101,12.00057885
2019-11-22,7617.0698,11.2529873
2019-11-23,7286.3501,10.72098426
2019-11-24,7324.0298,10.78159666
2019-11-25,6907.3999,10.11139657
2019-11-26,7130.25,10.46987818
2019-11-27,7163.6299,10.52357383
2019-11-28,7523.8301,11.10299985
2019-11-29,7431,10.9536713
2019-11-30,7757.4702,11.4788385
2019-12-01,7557.7202,11.15751622
2019-12-02,7402.6899,10.90813104
2019-12-03,7309.5898,10.75836816
2019-12-04,7296.77,10.73774594
2019-12-05,7192.8501,10.57057809
2019-12-06,7395.9702,10.89732158
2019-12-07,7547.1899,11.14057694
2019-12-08,7504.8301,11.07243603
2019-12-09,7522.3901,11.10068344
2019-12-10,7337.4199,10.80313627
2019-12-11,7220.7598,10.61547425
2019-12-12,7202.3101,10.58579565
2019-12-13,7189.1602,10.56464243
2019-12-14,7251.8701,10.66551897
2019-12-15,7067.7402,10.36932353
2019-12-16,7111.1401,10.43913757
2019-12-17,6879.54,10.06658052
2019-12-18,6612.1201,9.636402939
2019-12-19,7284.29,10.71767034
2019-12-20,7150.8599,10.50303172
2019-12-21,7190.1699,10.56626666
2019-12-22,7143.2002,10.49071016
2019-12-23,7514.4102,11.08784679
2019-12-24,7322.0801,10.77846033
2019-12-25,7250.6899,10.66362047
2019-12-26,7192.7202,10.57036913
2019-12-27,7194.3999,10.57307113
2019-12-28,7243.9302,10.65274667
2019-12-29,7301.0698,10.7446627
2019-12-30,7385.3599,10.88025362
2019-12-31,7219.6001,10.61360873
2020-01-01,7168.3101,10.5311025
2020-01-02,7175.6802,10.54295821
2020-01-03,6944.3301,10.17080331
2020-01-04,7326.3501,10.78532915
2020-01-05,7347.8901,10.81997887
2020-01-06,7351.5698,10.82589812
2020-01-07,7759.2402,11.48168576
2020-01-08,8165.4702,12.13515634
2020-01-09,8042.6499,11.93758488
2020-01-10,7817.9199,11.57607922
2020-01-11,8184.6602,12.1660258
2020-01-12,8021.4902,11.90354692
2020-01-13,8173.9702,12.14882963
2020-01-14,8105.2402,12.03826902
2020-01-15,8842.4199,13.22411263
2020-01-16,8813.8896,13.17821816
2020-01-17,8722.0303,13.03045125
2020-01-18,8900.3398,13.31728386
2020-01-19,8910.8496,13.33419016
2020-01-20,8703.3604,13.00041843
2020-01-21,8626.4697,12.87673035
2020-01-22,8722.2598,13.03082043
2020-01-23,8658.9404,12.92896344
2020-01-24,8388.1104,12.4933003
2020-01-25,8428.1699,12.5577409
2020-01-26,8327.3604,12.3955765
2020-01-27,8588.4199,12.8155226
2020-01-28,8895.7803,13.30994935
2020-01-29,9385.6904,14.0980296
2020-01-30,9279.8096,13.92770739
2020-01-31,9502.3701,14.28572315
2020-02-01,9333.7695,14.01450849
2020-02-02,9378.0898,14.0858031
2020-02-03,9314.5596,13.98360701
2020-02-04,9162.1396,13.73842082
2020-02-05,9162.1396,13.73842082
2020-02-06,9614.9004,14.46674188
2020-02-07,9755.6602,14.69317122
2020-02-08,9807.54,14.77662621
2020-02-09,9907.1201,14.93681297
2020-02-10,10162.41,15.34747796
2020-02-11,9854.79,14.85263361
2020-02-12,10275.38,15.529204
2020-02-13,10354.3,15.65615647
2020-02-14,10242.43,15.4761999
2020-02-15,10368.53,15.67904716
2020-02-16,9904.1699,14.93206721
2020-02-17,9937.6699,14.98595605
2020-02-18,9703.9297,14.60995639
2020-02-19,10180.65,15.37681923
2020-02-20,9604.7197,14.45036498
2020-02-21,9606.8604,14.45380856
2020-02-22,9696.5801,14.59813366
2020-02-23,9669.6299,14.55478097
2020-02-24,9989.3896,15.06915351
2020-02-25,9663.75,14.54532243
2020-02-26,9309.1504,13.97490566
2020-02-27,8785.5195,13.13258138
2020-02-28,8804.7197,13.16346725
2020-02-29,8712.3496,13.01487866
2020-03-01,8534.1699,12.72825485
2020-03-02,8912.8203,13.33736027
2020-03-03,8912.8203,13.33736027
2020-03-04,8754.3398,13.08242503
2020-03-05,8758.9004,13.08976131
2020-03-06,9067.3896,13.58600387
2020-03-07,9155.8896,13.72836694
2020-03-08,8898.6299,13.31453328
2020-03-09,8039.3799,11.93232469
2020-03-10,7931.9399,11.75949432
2020-03-11,7885.46,11.68472572
2020-03-12,7936.6499,11.76707093
2020-03-13,4830.21,6.769982859
2020-03-14,5609.0298,8.022809651
2020-03-15,5166.2598,7.310560016
2020-03-16,5348.4399,7.603618962
2020-03-17,5026.3501,7.085498171
2020-03-18,5357.6099,7.618370028
2020-03-19,5410.23,7.703015887
2020-03-20,6195.2002,8.965736348
2020-03-21,6226.4399,9.015989222
2020-03-22,6189.8501,8.957130058
2020-03-23,5822.6201,8.366395741
2020-03-24,6502.1602,9.459519007
2020-03-25,6768.4902,9.887943348
2020-03-26,6698.46,9.775291216
2020-03-27,6763.75,9.880318157
2020-03-28,6369.0898,9.245459012
2020-03-29,6260.9502,9.071503255
2020-03-30,5885.4102,8.467401288
2020-03-31,6405.29,9.303691456
2020-04-01,6428.2798,9.340673358
2020-04-02,6652.8701,9.701954293
2020-04-03,6809.1099,9.953285098
2020-04-04,6741.6699,9.844799619
2020-04-05,6871.6899,10.05395267
2020-04-06,6777.4399,9.902340034
2020-04-07,7343.2002,10.81243459
2020-04-08,7205.5498,10.59100711
2020-04-09,7365.0298,10.84755017
2020-04-10,7293.6899,10.73279123
2020-04-11,6873.2402,10.05644652
2020-04-12,6891.6001,10.08598066
2020-04-13,6915.3701,10.12421761
2020-04-14,6857.6602,10.03138419
2020-04-15,6871.9502,10.0543714
2020-04-16,6623.7998,9.655191164
2020-04-17,7112.27,10.44095515
2020-04-18,7034.8901,10.31648013
2020-04-19,7259.3599,10.67756723
2020-04-20,7130.04,10.46954037
2020-04-21,6840.2402,10.00336199
2020-04-22,6852.52,10.02311555
2020-04-23,7130.9902,10.47106888
2020-04-24,7477.6001,11.02863325
2020-04-25,7507.0801,11.07605543
2020-04-26,7549.52,11.14432519
2020-04-27,7699.27,11.38521636
2020-04-28,7790.6602,11.53222866
2020-04-29,7765.3301,11.4914821
2020-04-30,8777.6299,13.11989
2020-05-01,8628.7695,12.88042986
2020-05-02,8824.6602,13.19554398
2020-05-03,8973.8203,13.43548622
2020-05-04,8903.9502,13.32309163
2020-05-05,8885.9297,13.29410346
2020-05-06,9030.96,13.52740241
2020-05-07,9170.79,13.75233605
2020-05-08,10002.48,15.09021102
2020-05-09,9821.7998,14.79956484
2020-05-10,9527.3896,14.32597007
2020-05-11,8754.46,13.08261838
2020-05-12,8617.25,12.86189934
2020-05-13,8814.5303,13.1792488
2020-05-14,9305.9297,13.96972477
2020-05-15,9790.3096,14.74890901
2020-05-16,9303.5898,13.96596075
2020-05-17,9385.7002,14.09804536
2020-05-18,9669.4004,14.55441179
2020-05-19,9719.3701,14.63479416
2020-05-20,9785.7402,14.74155857
2020-05-21,9510.6699,14.29907439
2020-05-22,9057.5703,13.57020833
2020-05-23,9167.2598,13.74665729
2020-05-24,9178.3203,13.76444946
2020-05-25,8730.7305,13.04444658
2020-05-26,8899.6602,13.31619064
2020-05-27,8842.8496,13.22480385
2020-05-28,9197.54,13.79536669
2020-05-29,9569.21,14.39324329
2020-05-30,9425.9805,14.16284114
2020-05-31,9698.0996,14.60057796
2020-06-01,9450.8398,14.20283036
2020-06-02,10204.23,15.41475054
2020-06-03,9525.5703,14.3230435
2020-06-04,9658.04,14.5361372
2020-06-05,9794.5596,14.75574565
2020-06-06,9623.75,14.48097754
2020-06-07,9670.4297,14.55606754
2020-06-08,9753.8496,14.69025864
2020-06-09,9782.5898,14.73649077
2020-06-10,9775.1504,14.72452358
2020-06-11,9892.1299,14.9126994
2020-06-12,9286.4199,13.93834087
2020-06-13,9459.9697,14.21751692
2020-06-14,9473.5,14.23928206
2020-06-15,9330.0703,14.00855787
2020-06-16,9426.7002,14.16399887
2020-06-17,9526,14.32373473
2020-06-18,9454.8096,14.20921627
2020-06-19,9380.0303,14.08892463
2020-06-20,9300.1504,13.96042806
2020-06-21,9357.4297,14.05256881
2020-06-22,9284.7803,13.93570337
2020-06-23,9691.9004,14.59060579
2020-06-24,9621.4902,14.47734238
2020-06-25,9276.5801,13.92251235
2020-06-26,9240.8496,13.86503547
2020-06-27,9154.4502,13.72605148
2020-06-28,9004.2305,13.48440475
2020-06-29,9127.4697,13.68265005
2020-06-30,9185.3496,13.77575694
2020-07-01,9133.9697,13.6931061
2020-07-02,9236.3799,13.85784542
2020-07-03,9087.9805,13.61912685
2020-07-04,9072.4199,13.59409573
2020-07-05,9131.3096,13.688827
2020-07-06,9089.0898,13.6209113
2020-07-07,9348.9102,14.03886415
2020-07-08,9256.2305,13.88977753
2020-07-09,9440.0703,14.18550631
2020-07-10,9238.04,13.86051589
2020-07-11,9287.4004,13.93991812
2020-07-12,9235.96,13.85716996
2020-07-13,9295.9004,13.95359141
2020-07-14,9238.1299,13.8606605
2020-07-15,9254.5195,13.88702518
2020-07-16,9193.5098,13.78888362
2020-07-17,9131,13.68832897
2020-07-18,9154.1904,13.72563356
2020-07-19,9174.71,13.75864185
2020-07-20,9214.6602,13.82290663
2020-07-21,9163.8701,13.74120454
2020-07-22,9392.6602,14.10924137
2020-07-23,9537.4004,14.34207366
2020-07-24,9613.1104,14.46386245
2020-07-25,9551.2803,14.36440118
2020-07-26,9707.5,14.61569965
2020-07-27,9938.8301,14.98782238
2020-07-28,11042.4,16.76304938
2020-07-29,10934.94,16.59018684
2020-07-30,11102.67,16.86000103
2020-07-31,11114.93,16.87972274
2020-08-01,11343.88,17.24801679
2020-08-02,11823.69,18.01984979
2020-08-03,11077.77,16.81994634
2020-08-04,11242.57,17.08504727
2020-08-05,11194.25,17.00731865
2020-08-06,11750.28,17.90176083
2020-08-07,11772.94,17.93821221
2020-08-08,11605.6,17.66902538
2020-08-09,11767.6,17.92962217
2020-08-10,11684.06,17.79523787
2020-08-11,11893.03,18.13139165
2020-08-12,11392.43,17.32611539
2020-08-13,11573.11,17.61676124
2020-08-14,11777.43,17.94543492
2020-08-15,11774.38,17.94052863
2020-08-16,11873.98,18.10074739
2020-08-17,11914.01,18.16514054
2020-08-18,12293.72,18.77595046
2020-08-19,11969.53,18.25445124
2020-08-20,11734,17.87557246
2020-08-21,11865.82,18.08762104
2020-08-22,11522.8,17.53583146
2020-08-23,11683.44,17.79424053
2020-08-24,11653.02,17.74530624
2020-08-25,11763.93,17.92371853
2020-08-26,11337.4,17.23759291
2020-08-27,11467.37,17.44666554
2020-08-28,11302.01,17.18066378
2020-08-29,11534.75,17.5550545
2020-08-30,11481.64,17.46962058
2020-08-31,11707.78,17.83339439
2020-09-01,11659.57,17.75584272
2020-09-02,11923.25,18.18000421
2020-09-03,11397.44,17.33417459
2020-09-04,10187.51,15.38785438
2020-09-05,10467.89,15.83887986
2020-09-06,10159.62,15.3429899
2020-09-07,10254.93,15.49630768
2020-09-08,10367.74,15.67777635
2020-09-09,10121.52,15.2817014
2020-09-10,10227.83,15.45271402
2020-09-11,10352.66,15.65351833
2020-09-12,10395.44,15.72233518
2020-09-13,10446.44,15.80437491
2020-09-14,10330.77,15.61830559
2020-09-15,10674.64,16.17146249
2020-09-16,10785.62,16.34998738
2020-09-17,10948.43,16.61188715
2020-09-18,10943.89,16.60458401
2020-09-19,10931.79,16.58511968
2020-09-20,11081.43,16.8258339
2020-09-21,10919.65,16.56559101
2020-09-22,10430.46,15.77866913
2020-09-23,10532.22,15.94236252
2020-09-24,10234.48,15.46341136
2020-09-25,10732.43,16.26442476
2020-09-26,10692.84,16.20073941
2020-09-27,10732.4,16.26437651
2020-09-28,10774.24,16.33168126
2020-09-29,10692.33,16.19991902
2020-09-30,10840.8,16.43875115
2020-10-01,10777.92,16.33760099
2020-10-02,10619.24,16.08234482
2020-10-03,10575.06,16.01127589
2020-10-04,10551.77,15.97381108
2020-10-05,10673.46,16.16956432
2020-10-06,10788.56,16.35471673
2020-10-07,10603.74,16.05741118
2020-10-08,10670.8,16.16528538
2020-10-09,10923.3,16.57146248
2020-10-10,11063.19,16.79649263
2020-10-11,11302.67,17.18172547
2020-10-12,11376.61,17.30066699
2020-10-13,11540.04,17.56356411
2020-10-14,11428.24,17.38372015
2020-10-15,11431.32,17.38867471
2020-10-16,11503.73,17.50515504
2020-10-17,11327.57,17.22178016
2020-10-18,11366.51,17.28441991
2020-10-19,11508.2,17.51234558
2020-10-20,11758.16,17.91443678
2020-10-21,11925.46,18.18355926
2020-10-22,12831.56,19.64113181
2020-10-23,12990.25,19.89640406
2020-10-24,12944.52,19.82284177
2020-10-25,13128.46,20.11873173
2020-10-26,13036.77,19.97123716
2020-10-27,13076.37,20.0349386
2020-10-28,13651.47,20.9600572
2020-10-29,13289,20.37697993
2020-10-30,13458.66,20.64989876
2020-10-31,13564.72,20.82050923
2020-11-01,13810.32,21.21558683
2020-11-02,13758.88,21.13283931
2020-11-03,13575.17,20.83731933
2020-11-04,14023.31,21.55820727
2020-11-05,14155.59,21.77099581
2020-11-06,15591.39,24.08065551
2020-11-07,15595.77,24.08770128
2020-11-08,14839.84,22.87169552
2020-11-09,15490.6,23.91852248
2020-11-10,15328.53,23.65781309
2020-11-11,15317.04,23.63933002
2020-11-12,15708.65,24.26928255
2020-11-13,16295.57,25.21341507
2020-11-14,16339.33,25.28380837
2020-11-15,16091.07,24.88445183
2020-11-16,15968.16,24.68673608
2020-11-17,16725.15,25.90444697
2020-11-18,17679.721,27.43999104
2020-11-19,17798.449,27.63097953
2020-11-20,17820.57,27.66656386
2020-11-21,18687.449,29.06104464
2020-11-22,18699.75,29.0808323
2020-11-23,18422.279,28.6344863
2020-11-24,18398.91,28.59689441
2020-11-25,19172.52,29.8413406
2020-11-26,18739.801,29.14525922
2020-11-27,17151.439,26.59018491
2020-11-28,17138.869,26.56996453
2020-11-29,17732.42,27.52476382
2020-11-30,18191.6,28.26341095
2020-12-01,19709.73,30.70550851
2020-12-02,18792.52,29.23006418
2020-12-03,19226.971,29.92893168
2020-12-04,19454.539,30.29500261
2020-12-05,18670.49,29.03376401
2020-12-06,19155.061,29.81325566
2020-12-07,19377.66,30.17133335
2020-12-08,19181.41,29.85564125
2020-12-09,18318.869,28.46813868
2020-12-10,18554.15,28.84661691
2020-12-11,18247.76,28.35375117
2020-12-12,18029.359,28.00242648
2020-12-13,18803.439,29.24762872
2020-12-14,19164.48,29.82840728
2020-12-15,19276.59,30.00874991
2020-12-16,19439.75,30.2712127
2020-12-17,21379.48,33.39150537
2020-12-18,22847.461,35.75293214
2020-12-19,23150.789,36.24087228
2020-12-20,23869.92,37.39768235
2020-12-21,23490.58,36.78746762
2020-12-22,22745.48,35.58888324
2020-12-23,23824.99,37.32540695
2020-12-24,23253.369,36.40588475
2020-12-25,23715.529,37.14932556
2020-12-26,24693.58,38.72264008
2020-12-27,26443.211,41.53713528
2020-12-28,26246.58,41.2208303
2020-12-29,27036.689,42.49181715
2020-12-30,27376.369,43.03823392
2020-12-31,28856.59,45.41935023
2021-01-01,28982.561,45.62198997
2021-01-02,29393.75,46.28343771
2021-01-03,32195.461,50.79033212
2021-01-04,33000.781,52.08578772
2021-01-05,32035.029,50.53225765
2021-01-06,34046.672,53.76823117
2021-01-07,36860.41,58.29447248
2021-01-08,39486.039,62.51811748
2021-01-09,40670.25,64.42306554
2021-01-10,40240.719,63.73211245
2021-01-11,38240.09,60.5138563
2021-01-12,35544.941,56.17837989
2021-01-13,34011.82,53.71216747
2021-01-14,37393.129,59.15141607
2021-01-15,39158.469,61.99118112
2021-01-16,36828.52,58.24317351
2021-01-17,36065.199,57.01527844
2021-01-18,35793.012,56.5774324
2021-01-19,36632.352,57.92761332
2021-01-20,36020.129,56.94277784
2021-01-21,35538.98,56.16879089
2021-01-22,30797.881,48.54215396
2021-01-23,33002.379,52.0883583
2021-01-24,32099.74,50.6363532
2021-01-25,32276.84,50.92124019
2021-01-26,32243.26,50.86722265
2021-01-27,32541.801,51.34746232
2021-01-28,30419.17,47.93295105
2021-01-29,33403.172,52.7330828
2021-01-30,34314.262,54.19868237
2021-01-31,34318.102,54.20485948
2021-02-01,33136.461,52.30404558
2021-02-02,33522.898,52.9256767
2021-02-03,35529.66,56.15379853
2021-02-04,37676.25,59.60685078
2021-02-05,37002.09,58.52238206
2021-02-06,38278.609,60.57581882
2021-02-07,39323.262,62.25627079
2021-02-08,38928.102,61.62060765
2021-02-09,46364.301,73.58264218
2021-02-10,46589.578,73.94502775
2021-02-11,44878.172,71.19202213
2021-02-12,48013.379,76.2353856
2021-02-13,47471.398,75.36354295
2021-02-14,47185.191,74.90314402
2021-02-15,48720.371,77.3726686
2021-02-16,47951.852,76.1364119
2021-02-17,49160.102,78.08002963
2021-02-18,52118.23,82.83853989
2021-02-19,51608.148,82.01801068
2021-02-20,55916.5,88.9485212
2021-02-21,56001.199,89.08476988
2021-02-22,57487.859,91.47624411
2021-02-23,54123.398,86.06409758
2021-02-24,48880.43,77.63014305
2021-02-25,50624.84,80.43623964
2021-02-26,46800.422,74.28419608
2021-02-27,46340.309,73.54404811
2021-02-28,46155.871,73.24735706
2021-03-01,45113.922,71.5712548
2021-03-02,49618.43,78.81730621
2021-03-03,48356.039,76.78659607
2021-03-04,50477.699,80.19954536
2021-03-05,48448.91,76.93599041
2021-03-06,48861.379,77.59949719
2021-03-07,48881.59,77.63200905
2021-03-08,51169.699,81.3127119
2021-03-09,52299.328,83.12985815
2021-03-10,54881.52,87.28362943
2021-03-11,55997.23,89.07838526
2021-03-12,57764,91.92045064
2021-03-13,57253.281,91.09889674
2021-03-14,61258.73,97.54215077
2021-03-15,59133.469,94.12340883
2021-03-16,55754.719,88.68827669
2021-03-17,56872.379,90.48616934
2021-03-18,58913,93.76875751
2021-03-19,57665.898,91.76264159
2021-03-20,58075.102,92.42089621
2021-03-21,58085.801,92.43810686
2021-03-22,57411.172,91.3528837
2021-03-23,54204.961,86.19530163
2021-03-24,54477.461,86.63365117
2021-03-25,52508.23,83.46590253
2021-03-26,51415.922,81.70879168
2021-03-27,55074.469,87.59401147
2021-03-28,55863.93,88.86395593
2021-03-29,55783.711,88.73491387
2021-03-30,57627.672,91.7011504
2021-03-31,58730.129,93.47458716
2021-04-01,58735.25,93.48282492
2021-04-02,58736.922,93.48551453
2021-04-03,59031.32,93.95908968
2021-04-04,57076.488,90.8145036
2021-04-05,58206.551,92.63234799
2021-04-06,59054.102,93.99573731
2021-04-07,58020.461,92.33299949
2021-04-08,55947.27,88.9980185
2021-04-09,58048.59,92.37824842
2021-04-10,58102.578,92.46509472
2021-04-11,59774,95.15378119
2021-04-12,59964.871,95.46082051
2021-04-13,59834.738,95.25148568
2021-04-14,63554.441,101.2350824
2021-04-15,62969.121,100.2935236
2021-04-16,63252.629,100.7495809
2021-04-17,61455.98,97.8594515
2021-04-18,60087.09,95.6574247
2021-04-19,56251.48,89.48737745
2021-04-20,55703.141,88.60530718
2021-04-21,56507.91,89.89987643
2021-04-22,53808.801,85.55802987
2021-04-23,51731.711,82.21677686
2021-04-24,51153.129,81.28605703
2021-04-25,50110.531,79.60891078
2021-04-26,49075.578,77.94406245
2021-04-27,54056.641,85.95671079
2021-04-28,55071.461,87.58917273
2021-04-29,54884.102,87.28778289
2021-04-30,53584.148,85.19664808
2021-05-01,57796.621,91.97292551
2021-05-02,57857.5,92.07085681
2021-05-03,56610.461,90.06484224
2021-05-04,57213.328,91.03462746
2021-05-05,53241.719,84.6458092
2021-05-06,57473.23,91.45271158
2021-05-07,56428.16,89.77158881
2021-05-08,57380.27,91.30317406
2021-05-09,58928.809,93.79418822
2021-05-10,58280.73,92.75167397
2021-05-11,55883.5,88.89543666
2021-05-12,56750,90.28930777
2021-05-13,49007.09,77.83389113
2021-05-14,49702.27,78.95217309
2021-05-15,49922.52,79.30647212
2021-05-16,46736.578,74.18149521
2021-05-17,46441.641,73.70705301
2021-05-18,43596.238,69.12987468
2021-05-19,42912.191,68.02950152
2021-05-20,36964.27,58.46154397
2021-05-21,40784.32,64.60656107
2021-05-22,37280.352,58.97000048
2021-05-23,37528.301,59.36885674
2021-05-24,34754.539,54.90692171
2021-05-25,38728.59,61.29966823
2021-05-26,38410.5,60.7879816
2021-05-27,39266.039,62.1642206
2021-05-28,38445.289,60.84394396
2021-05-29,35689.621,56.41111534
2021-05-30,34647.672,54.73501309
2021-05-31,35684.59,56.40302236
2021-06-01,37310.539,59.01855996
2021-06-02,36662.641,57.97633688
2021-06-03,37585.238,59.46044686
2021-06-04,39188.59,62.03963442
2021-06-05,36885.512,58.33485211
2021-06-06,35530.379,56.15495513
2021-06-07,35816.172,56.61468808
2021-06-08,33514.871,52.91276429
2021-06-09,33450.191,52.80871861
2021-06-10,37338.359,59.06331183
2021-06-11,36704.57,58.0437848
2021-06-12,37313.18,59.02280833
2021-06-13,35494.898,56.09787961
2021-06-14,39066.82,61.8437525
2021-06-15,40525.801,64.19070167
2021-06-16,40188.559,63.64820672
2021-06-17,38324.871,60.6502369
2021-06-18,38068.039,60.23709125
2021-06-19,35729.82,56.47578034
2021-06-20,35524.172,56.14497041
2021-06-21,35592.352,56.25464627
2021-06-22,31686.551,49.97168822
2021-06-23,32447.59,51.19591242
2021-06-24,33674.66,53.16980442
2021-06-25,34639.379,54.72167278
2021-06-26,31640.58,49.89773825
2021-06-27,32160.91,50.73475262
2021-06-28,34644.449,54.7298285
2021-06-29,34456.672,54.42776625
2021-06-30,35847.699,56.66540312
2021-07-01,35047.359,55.37795845
2021-07-02,33536.879,52.94816685
2021-07-03,33856.859,53.46289377
2021-07-04,34688.98,54.80146205
2021-07-05,35309.301,55.79932416
2021-07-06,33747.969,53.2877309
2021-07-07,34211.012,54.03259213
2021-07-08,33839.039,53.43422812
2021-07-09,32877.41,51.8873304
2021-07-10,33818.52,53.4012208
2021-07-11,33515.57,52.91388872
2021-07-12,34227.641,54.05934191
2021-07-13,33158.25,52.33909585
2021-07-14,32686.561,51.58032647
2021-07-15,32814.609,51.78630732
2021-07-16,31738.59,50.05539931
2021-07-17,31421.25,49.54491915
2021-07-18,31520.66,49.70483228
2021-07-19,31783.49,50.12762644
2021-07-20,30815.939,48.57120246
2021-07-21,29790.24,46.92124031
2021-07-22,32118.061,50.66582477
2021-07-23,32297.891,50.95510329
2021-07-24,33581.629,53.02015269
2021-07-25,34279.34,54.14250607
2021-07-26,35365.199,55.88924292
2021-07-27,37318.141,59.03078871
2021-07-28,39405.949,62.38928293
2021-07-29,40002.531,63.34895796
2021-07-30,40005.93,63.35442566
2021-07-31,42214.148,66.90661408
2021-08-01,41659.059,66.01368561
2021-08-02,40000.461,63.34562811
2021-08-03,39193.941,62.04824216
2021-08-04,38138,60.34963206
2021-08-05,39750.141,62.94295781
2021-08-06,40882,64.76369128
2021-08-07,42825.949,67.89077073
2021-08-08,44634.129,70.79944915
2021-08-09,43816.141,69.48361552
2021-08-10,46333.461,73.53303227
2021-08-11,45608.371,72.36663642
2021-08-12,45611.461,72.37160707
2021-08-13,44417.781,70.45142696
2021-08-14,47833.98,75.94680039
2021-08-15,47112.191,74.78571461
2021-08-16,47056.41,74.69598405
2021-08-17,45982.551,72.96855066
2021-08-18,44648.57,70.82267926
2021-08-19,44777.859,71.03065641
2021-08-20,46734.648,74.17839057
2021-08-21,49327.75,78.34971192
2021-08-22,48932.02,77.71313187
2021-08-23,49335.68,78.36246829
2021-08-24,49523.5,78.66459971
2021-08-25,47744.578,75.80298635
2021-08-26,48972.09,77.77758936
2021-08-27,46962.801,74.54540254
2021-08-28,49056.859,77.91395065
2021-08-29,48897.648,77.65784031
2021-08-30,48806.781,77.51166964
2021-08-31,47074.77,74.72551836
2021-09-01,47155.871,74.85597922
2021-09-02,48862.762,77.60172191
2021-09-03,49329.012,78.351742
2021-09-04,50035.328,79.48793757
2021-09-05,49947.379,79.34646086
2021-09-06,51769.059,82.27685568
2021-09-07,52677.398,83.73802993
2021-09-08,46809.172,74.29827153
2021-09-09,46078.379,73.12270171
2021-09-10,46368.691,73.58970403