date,bit_macd_factor,bit_rsi_factor,bit_macd_pre_factor,bit_rsi_pre_factor,bit_short_factor,gold_macd_factor,gold_rsi_factor,gold_macd_pre_factor,gold_rsi_pre_factor,gold_short_factor
2016/9/11,,0,,0,,,0,,0,
2016/9/12,,0,,0,,,0,,0,
2016/9/13,0,0,,0,,0,0,,0,
2016/9/14,0,0,,0,,0,0,,0,
2016/9/15,0,0,,0,,0,0,,0,
2016/9/16,0,0,,0,,0,0,,0,
2016/9/17,0,0,,0,,0,0,,0,
2016/9/18,0,0,,0,,0,0,,0,
2016/9/19,0,0,,0,,0,0,,0,
2016/9/20,0,0,,0,,1,0,,0,
2016/9/21,0,0,,0,,0,0,,0,
2016/9/22,0,0,,0,,0,0,,0,
2016/9/23,0,0,,0,,0,0,,0,
2016/9/24,0,0,,0,,0,0,,0,
2016/9/25,0,0,,0,,0,0,,0,
2016/9/26,0,0,,0,,-1,0,,0,
2016/9/27,0,0,,0,,0,0,,0,
2016/9/28,0,0,,0,,0,0,,0,
2016/9/29,0,0,,0,,0,0,,0,
2016/9/30,0,0,,0,,0,0,,0,
2016/10/1,0,0,,0,,0,0,,0,
2016/10/2,0,0,,0,,0,0,,0,
2016/10/3,0,0,,0,,0,0,,0,
2016/10/4,0,0,,0,,0,0,,0,
2016/10/5,0,0,,0,,0,0,,0,
2016/10/6,0,0,,0,,0,0,,0,
2016/10/7,0,0,,0,,0,0,,0,
2016/10/8,1,0,,0,,0,0,,0,
2016/10/9,0,0,,0,,0,0,,0,
2016/10/10,0,0,,0,,0,0,,0,
2016/10/11,0,0,,0,,0,0,,0,
2016/10/12,0,0,,0,,0,0,,0,
2016/10/13,0,0,,0,,0,0,,0,
2016/10/14,0,0,,0,,0,0,,0,
2016/10/15,0,0,,0,,0,0,,0,
2016/10/16,0,0,,0,,0,0,,0,
2016/10/17,0,0,,0,,0,0,,0,
2016/10/18,0,0,,0,,0,0,,0,
2016/10/19,0,0,,0,,0,0,,0,
2016/10/20,0,0,,0,,1,0,,0,
2016/10/21,0,0,,0,,0,0,,0,
2016/10/22,0,0,,0,,0,0,,0,
2016/10/23,0,0,,0,,0,0,,0,
2016/10/24,0,0,,0,,-1,0,,0,
2016/10/25,0,0,,0,,0,0,,0,
2016/10/26,0,0,,0,,0,0,,0,
2016/10/27,0,0,,0,,0,0,,0,
2016/10/28,0,0,,0,,0,0,,0,
2016/10/29,0,0,,0,,0,0,,0,
2016/10/30,0,0,,0,,0,0,,0,
2016/10/31,0,-0.334096028,,0,,0,0,,0,
2016/11/1,0,0,,0,,0,0,,0,
2016/11/2,0,-0.603593106,,0,,0,0,,0,
2016/11/3,0,0,,0,,0,0,,0,
2016/11/4,0,0,,0,,0,0,,0,
2016/11/5,0,0,,0,,0,0,,0,
2016/11/6,0,0,,0,,0,0,,0,
2016/11/7,0,0,,0,,0,0,,0,
2016/11/8,0,0,,0,,0,0,,0,
2016/11/9,0,0,,0,,0,0,,0,
2016/11/10,0,0,,0,,0,0,,0,
2016/11/11,0,0,,0,0,0,0,,0,0
2016/11/12,0,0,,0,0,0,0,,0,0
2016/11/13,0,0,,0,0,0,0,,0,1
2016/11/14,0,0,,0,0,0,0,,0,0
2016/11/15,0,0,,0,0,0,0,,0,0
2016/11/16,0,0,,0,0,0,0,,0,0
2016/11/17,0,0,,0,0,0,0,,0,0
2016/11/18,0,-0.315363676,,0,0,0,0,,0,0
2016/11/19,0,0,,0,0,0,0,,0,0
2016/11/20,0,0,,0,0,0,0,,0,0
2016/11/21,0,0,,0,0,0,0,,0,0
2016/11/22,0,0,,0,0,0,0,,0,0
2016/11/23,0,0,,0,0,0,0,,0,0
2016/11/24,0,0,,0,0,0,0,,0,0
2016/11/25,0,0,,0,0,0,0,,0,0
2016/11/26,0,0,,0,0,0,0,,0,0
2016/11/27,0,0,,0,0,0,0,,0,0
2016/11/28,0,0,,0,0,0,0,,0,0
2016/11/29,0,0,,0,0,0,0,,0,0
2016/11/30,0,0,,0,0,0,0,,0,0
2016/12/1,0,0,,0,0,0,0,,0,0
2016/12/2,0,0,,0,0,0,0,,0,0
2016/12/3,0,0,,0,0,0,0,,0,0
2016/12/4,0,0,,0,0,1,0,,0,0
2016/12/5,0,0,,0,0,0,0,,0,0
2016/12/6,0,0,,0,0,0,0,,0,0
2016/12/7,0,0,,0,0,0,0,,0,0
2016/12/8,0,0,,0,0,0,0,,0,0
2016/12/9,0,0,,0,0,0,0,,0,0
2016/12/10,0,0,,0,0,0,0,,0,0
2016/12/11,0,0,,0,0,0,0,,0,0
2016/12/12,0,0,,0,0,0,0,,0,0
2016/12/13,0,0,,0,0,0,0,,0,0
2016/12/14,0,0,,0,0,0,0,,0,0
2016/12/15,0,0,,0,0,0,0,,0,0
2016/12/16,0,0,,0,0,0,0,,0,0
2016/12/17,0,0,,0,0,0,0,,0,0
2016/12/18,0,0,,0,0,0,0,,0,0
2016/12/19,0,-0.609388261,,0,0,0,0,,0,0
2016/12/20,0,-0.629631525,,0,0,0,0,,0,0
2016/12/21,0,-0.770404897,,0,0,0,0,,0,0
2016/12/22,0,-0.770495831,,0,0,0,0,,0,0
2016/12/23,0,-0.877449887,,0,0,0,0,,0,0
2016/12/24,0,-0.690525542,,0,0,0,0,,0,0
2016/12/25,0,-0.67558437,,0,0,0,0,,0,0
2016/12/26,0,-0.685933727,,0,0,0,0,,0,0
2016/12/27,0,-0.741755725,,0,0,0,0,,0,0
2016/12/28,0,-0.795016973,,0,0,0,0,,0,0
2016/12/29,0,-0.825681314,,0,0,0,0,,0,0
2016/12/30,0,-0.676097966,,0,0,0,0,,0,0
2016/12/31,0,-0.66562925,,0,0,0,0,,0,0
2017/1/1,0,-0.721913033,,0,0,0,0,,0,0
2017/1/2,0,-0.740485295,,0,0,0,0,,0,0
2017/1/3,0,-0.706876508,,0,0,0,0,,0,-1
2017/1/4,0,-0.775820134,,0,0,0,0,,0,0
2017/1/5,0,0,,0,0,0,0,,0,0
2017/1/6,0,0,,-0.999781584,0,0,0,,0,0
2017/1/7,0,0,,-0.999785435,0,0,0,,0,0
2017/1/8,0,0,,-0.999775268,0,0,0,,0,0
2017/1/9,0,0,,-0.887225421,0,0,0,,0,0
2017/1/10,0,0,,-0.600649111,0,0,0,,0,0
2017/1/11,0,0,,-0.223657018,0,0,0,,0,0
2017/1/12,0,0,,0,0,0,0,,0,0
2017/1/13,-1,0,,0,0,-1,0,,0,0
2017/1/14,0,0,,0,0,0,0,,0,0
2017/1/15,0,0,,0,0,0,0,,0,0
2017/1/16,0,0,,0,0,0,0,,0,0
2017/1/17,0,0,,0.240470956,0,0,0,,0,0
2017/1/18,0,0,,0.373964333,0,0,0,,0,0
2017/1/19,0,0,,0.480910086,0,0,0,,0,0
2017/1/20,0,0,,0.505040394,0,1,0,,0,0
2017/1/21,0,0,,0.444114544,0,0,0,,0,0
2017/1/22,1,0,,0.290744629,0,0,0,,0,0
2017/1/23,0,0,,0,0,0,0,,0,0
2017/1/24,0,0,,0,0,0,0,,0,0
2017/1/25,0,0,,0,0,0,0,,0,0
2017/1/26,0,0,,0,0,0,0,,0,1
2017/1/27,0,0,,0,0,0,0,,0,0
2017/1/28,0,0,,0,0,0,0,,0,0
2017/1/29,0,0,,0,0,0,0,,0,0
2017/1/30,0,0,,-0.430326008,0,0,0,,0,0
2017/1/31,0,0,,-0.730882791,0,0,0,,0,0
2017/2/1,0,0,,-0.856618348,0,0,0,,0,0
2017/2/2,0,0,,-0.853718725,0,0,0,,0,-1
2017/2/3,0,-0.351188389,,-0.84467744,0,0,0,,0,0
2017/2/4,0,-0.40013476,,-0.833511555,0,0,0,,0,0
2017/2/5,0,-0.337846175,,-0.82565709,0,0,0,,0,0
2017/2/6,0,0,0,-0.823941319,0,0,0,0,0,0
2017/2/7,0,-0.309666202,0,-0.826969919,0,0,0,0,0,0
2017/2/8,0,-0.678651144,0,-0.833298959,0,0,0,0,0,0
2017/2/9,0,0,0,-0.842694134,0,0,0,0,0,0
2017/2/10,0,0,0,-0.849913729,0,0,0,0,0,0
2017/2/11,0,0,0,-0.852739301,0,0,0,,0,0
2017/2/12,0,0,0,-0.809828151,0,0,0,,0,0
2017/2/13,0,0,0,-0.69186988,0,0,0,0,0,0
2017/2/14,0,0,0,-0.54838213,0,0,0,0,0,0
2017/2/15,0,0,0,-0.384628253,0,0,0,0,0,0
2017/2/16,0,0,0,-0.243654075,0,0,0,0,0,0
2017/2/17,0,0,0,0,0,0,0,0,0,0
2017/2/18,0,0,0,0,0,0,0,,0,0
2017/2/19,0,0,0,0,0,-1,0,,0,0
2017/2/20,0,0,0,0,0,0,0,0,0,0
2017/2/21,0,0,0,0,0,0,0,0,0,0
2017/2/22,0,0,0,0,0,0,0,0,0,0
2017/2/23,0,-0.832791049,0,0,0,0,0,0,0,0
2017/2/24,0,-0.85173346,0,0,0,0,0,0,0,0
2017/2/25,0,-0.515803705,0,0,0,0,0,,0,0
2017/2/26,0,-0.505793133,0,0,0,0,0,,0,0
2017/2/27,0,-0.592991258,0,-0.396799308,0,0,0,0,0,0
2017/2/28,0,-0.554220976,0,-0.603519506,0,0,0,0,0,0
2017/3/1,0,-0.540119189,0,-0.789597829,0,0,0,0,0,0
2017/3/2,0,-0.611935729,0,-0.930941716,0,0,0,0,0,0
2017/3/3,0,-0.643411701,0,-0.999742887,0,1,0,0,0,0
2017/3/4,0,-0.620016553,0,-0.999760803,0,0,0,,0,0
2017/3/5,0,-0.503928815,0,-0.999774871,0,0,0,,0,1
2017/3/6,0,-0.527997527,0,-0.999785245,0,0,0,0,0,0
2017/3/7,0,-0.395449947,0,-0.999792195,0,0,0,0,0,0
2017/3/8,0,0,0,-0.999794096,0,0,0,0,0,0
2017/3/9,0,0,0,-0.999786046,0,0,0,0,0,0
2017/3/10,0,0,0,-0.956174455,0,0,0,0,0,0
2017/3/11,0,0,0,-0.767238998,0,0,0,,0,0
2017/3/12,0,0,0,-0.475036361,0,0,0,,0,0
2017/3/13,0,0,0,0,0,0,0,0,0,0
2017/3/14,0,0,0,0,0,0,0,0,0,0
2017/3/15,0,0,0,0,0,0,0,0,0,0
2017/3/16,0,0,0,0,0,0,0,0,0,-1
2017/3/17,0,0,0,0,0,0,0,0,0,0
2017/3/18,0,0,0,0,1,0,0,,0,0
2017/3/19,-1,0,0,0,0,0,0,,0,0
2017/3/20,0,0,0,0,-1,0,0,0,0,0
2017/3/21,0,0,0,0.382788556,0,0,0,1,1,0
2017/3/22,0,0,0,0.708789585,0,-1,0,0,0,0
2017/3/23,0,0,0,0.846125153,0,0,0,0,0,0
2017/3/24,0,0,0,0.857439846,0,0,0,0,0,0
2017/3/25,0,0,-1,0.859795029,0,0,0,,0,0
2017/3/26,0,0,0,0.858856019,0,0,0,,0,0
2017/3/27,0,0,0,0.858380359,0,0,0,0,0,0
2017/3/28,0,0,0,0.858630487,0,0,0,0,0,0
2017/3/29,0,0,0,0.859004595,0,0,0,0,0,0
2017/3/30,0,0,0,0.85920618,0,0,0,1,0,0
2017/3/31,0,0,0,0.859600544,0,0,0,0,0,0
2017/4/1,0,0,0,0.784427065,0,0,0,,0,0
2017/4/2,0,0,0,0.608024573,0,0,0,,0,0
2017/4/3,0,0,0,0.367113924,0,0,0,0,0,0
2017/4/4,0,0,0,0,0,0,0,0,0,0
2017/4/5,0,0,0,0,0,0,0,0,0,0
2017/4/6,0,0,0,0,0,0,0,0,0,0
2017/4/7,1,-0.535676076,0,0,0,0,0,0,0,0
2017/4/8,0,-0.575232208,0,0,0,0,0,,0,0
2017/4/9,0,-0.540076149,0,-0.291601679,0,0,0,,0,0
2017/4/10,0,-0.43860573,0,-0.580638334,0,0,0,0,0,0
2017/4/11,0,-0.469670445,0,-0.834263792,0,0,0,0,0,0
2017/4/12,0,-0.398779439,1,-0.983267374,0,0,0,0,0,0
2017/4/13,0,0,0,-0.999773329,0,0,0,0,0,0
2017/4/14,0,0,0,-0.99977802,0,0,0,,0,0
2017/4/15,0,0,0,-0.999773353,0,0,0,,0,0
2017/4/16,0,0,0,-0.999758374,0,1,0,,0,0
2017/4/17,0,0,0,-0.938489487,0,0,0,,0,0
2017/4/18,0,0,0,-0.837025515,0,0,0,0,0,0
2017/4/19,0,0,0,-0.709566253,0,0,0,0,0,0
2017/4/20,0,0,0,-0.589728945,0,0,0,0,0,0
2017/4/21,0,0,0,-0.527116132,0,0,0,0,0,0
2017/4/22,0,0,0,-0.472456249,0,0,0,,0,0
2017/4/23,0,0,0,-0.428915162,0,0,0,,0,0
2017/4/24,0,0,0,-0.402612112,0,0,0,0,0,0
2017/4/25,0,0,0,-0.385654338,0,0,0,0,0,0
2017/4/26,0,0,0,-0.371955917,0,0,0,0,0,0
2017/4/27,0,0,0,-0.367873322,0,0,0,0,0,0
2017/4/28,0,0,0,-0.383217343,0,0,0,0,0,0
2017/4/29,0,0,0,-0.425337235,0,0,0,,0,0
2017/4/30,0,0,0,-0.487747178,0,0,0,,0,0
2017/5/1,0,0,0,-0.616294516,0,0,0,,0,0
2017/5/2,0,-0.564897561,0,-0.765520602,0,0,0,0,0,1
2017/5/3,0,-0.472777049,0,-0.90689562,0,0,0,0,0,0
2017/5/4,0,-0.52507621,0,-0.994329351,0,0,0,0,0,0
2017/5/5,0,-0.59214326,0,-0.999759768,0,0,0,0,0,0
2017/5/6,0,-0.454361629,0,-0.999788593,0,0,0,,0,0
2017/5/7,0,-0.5012784,0,-0.999808741,0,0,0,,0,0
2017/5/8,0,-0.70958601,0,-0.999822214,0,0,0,0,0,0
2017/5/9,0,-0.691695507,0,-0.999833239,0,0,0,0,0,0
2017/5/10,0,-0.738726335,0,-0.999843453,0,0,0,0,0,0
2017/5/11,0,-0.877768996,0,-0.999854173,0,0,0,0,0,0
2017/5/12,0,-0.869784952,0,-0.999866216,0,0,0,0,0,0
2017/5/13,0,-0.560802303,0,-0.999878254,0,0,0,,0,0
2017/5/14,0,-0.5736585,0,-0.999888222,0,0,0,,0,0
2017/5/15,0,-0.507052692,0,-0.999895318,0,0,0,0,0,0
2017/5/16,0,0,0,-0.999899051,0,0,0,1,1,0
2017/5/17,0,-0.358436718,0,-0.999898979,0,0,0,0,0,-1
2017/5/18,0,0,0,-0.999895623,0,0,0,0,0,0
2017/5/19,0,-0.352150253,0,-0.999889066,0,0,0,0,0,0
2017/5/20,0,-0.47871507,0,-0.999881035,0,0,0,,0,0
2017/5/21,0,-0.31352376,0,-0.999875266,0,0,0,,0,0
2017/5/22,0,0,0,-0.999874191,0,0,0,0,0,0
2017/5/23,0,-0.429588581,0,-0.99987738,0,0,0,0,0,0
2017/5/24,0,0,0,-0.999884632,0,0,0,0,0,0
2017/5/25,0,-0.316099474,0,-0.999893139,0,0,0,0,0,0
2017/5/26,0,0,0,-0.999901125,0,0,0,0,0,0
2017/5/27,0,0,0,-0.999906578,0,0,0,,0,0
2017/5/28,0,0,0,-0.99990959,0,0,0,,0,0
2017/5/29,0,0,0,-0.999910248,0,0,0,,0,0
2017/5/30,0,0,0,-0.999909292,0,0,0,0,0,0
2017/5/31,0,0,0,-0.999907893,0,-1,-1,0,0,0
2017/6/1,0,0,0,-0.999906552,0,0,0,0,0,0
2017/6/2,0,0,0,-0.994746366,0,0,0,1,1,0
2017/6/3,0,0,0,-0.994768488,0,0,0,,0,0
2017/6/4,0,0,0,-0.994789689,0,0,0,,0,0
2017/6/5,0,0,0,-0.994800338,0,0,0,0,0,0
2017/6/6,0,0,0,-0.994778308,0,0,0,0,0,0
2017/6/7,0,0,0,-0.994770287,0,0,0,0,0,0
2017/6/8,0,0,0,-0.994750695,0,0,0,0,0,0
2017/6/9,0,0,0,-0.994643514,0,0,0,0,0,0
2017/6/10,0,0,0,-0.994526132,0,0,0,,0,0
2017/6/11,0,-0.338711045,0,-0.99447925,0,0,0,,0,0
2017/6/12,0,0,0,-0.99459397,0,0,0,0,0,0
2017/6/13,0,0,0,-0.994756681,0,0,0,0,0,0
2017/6/14,0,0,0,-0.994878172,0,0,0,0,0,0
2017/6/15,0,0,0,-0.994909706,1,0,0,0,0,0
2017/6/16,0,0,0,-0.869973408,0,0,0,0,0,0
2017/6/17,0,0,0,-0.616384178,0,0,0,,0,0
2017/6/18,0,0,0,-0.310832955,0,0,0,,0,0
2017/6/19,0,0,0,0,-1,0,0,0,0,1
2017/6/20,0,0,0,0,0,0,0,0,0,0
2017/6/21,0,0,0,0,0,0,0,0,0,0
2017/6/22,0,0,0,0,0,0,0,0,0,0
2017/6/23,0,0,0,0,0,0,0,0,0,0
2017/6/24,0,0,0,0,0,0,0,,0,0
2017/6/25,0,0,0,0,0,0,0,,0,0
2017/6/26,0,0,0,0,0,0,0,0,0,0
2017/6/27,0,0,0,0,0,0,0,0,0,0
2017/6/28,0,0,0,0,0,0,0,0,0,0
2017/6/29,0,0,0,0,0,0,0,1,1,0
2017/6/30,0,0,0,0,0,0,0,0,0,0
2017/7/1,0,0,0,0,0,0,0,,0,0
2017/7/2,0,0,0,0,0,0,0,,0,0
2017/7/3,0,0,0,0,0,0,0,0,0,0
2017/7/4,0,0,0,0,0,0,0,0,0,0
2017/7/5,0,0,0,0,0,0,0,0,0,0
2017/7/6,0,0,0,0,0,0,0,0,0,0
2017/7/7,0,0,0,0,0,0,0,0,0,0
2017/7/8,0,0,0,0,0,0,0,,0,0
2017/7/9,0,0,0,0,0,0,0,,0,0
2017/7/10,-1,0,0,0,0,1,0,0,0,0
2017/7/11,0,0,0,0,0,0,0,0,0,0
2017/7/12,0,0,0,0,0,0,0,0,0,0
2017/7/13,0,0,0,0.249027145,0,0,0,0,0,0
2017/7/14,0,0,0,0.309845475,0,0,0,0,0,0
2017/7/15,0,0,-1,0.357967845,1,0,0,,0,-1
2017/7/16,0,0,0,0.413079786,0,0,0,,0,0
2017/7/17,0,0.466015442,0,0.482122296,0,0,0,0,0,0
2017/7/18,0,0,0,0.560928785,-1,-1,0,0,0,0
2017/7/19,0,0,0,0.623343413,0,0,0,0,0,0
2017/7/20,0,0,0,0.671279438,0,0,0,0,0,0
2017/7/21,0,0,0,0.761041294,0,0,0,0,0,0
2017/7/22,0,0,0,0.731076301,0,0,0,,0,0
2017/7/23,1,0,0,0.4138387,0,0,0,,0,0
2017/7/24,0,0,0,0,0,0,0,0,0,0
2017/7/25,0,0,0,0,0,0,0,0,0,0
2017/7/26,0,0,0,0,0,0,0,0,0,0
2017/7/27,0,0,0,0,0,0,0,0,0,0
2017/7/28,0,0,0,0,0,0,0,0,0,0
2017/7/29,0,0,1,0,0,0,0,,0,0
2017/7/30,0,0,0,0,0,0,0,,0,0
2017/7/31,0,0,0,0,0,0,0,0,0,0
2017/8/1,0,0,0,-0.41432862,0,0,0,0,0,0
2017/8/2,0,0,0,-0.681520244,0,0,0,0,0,0
2017/8/3,0,0,0,-0.898674032,0,1,1,1,1,0
2017/8/4,0,0,0,-0.999931737,0,0,0,0,0,0
2017/8/5,0,0,0,-0.999929975,0,0,0,,0,0
2017/8/6,0,0,0,-0.999923998,0,0,0,,0,0
2017/8/7,0,0,0,-0.999914324,0,0,0,0,0,0
2017/8/8,0,-0.390913749,0,-0.999902201,0,0,0,0,0,0
2017/8/9,0,0,0,-0.999893941,0,0,0,0,0,0
2017/8/10,0,0,0,-0.999895196,0,0,0,0,0,0
2017/8/11,0,0,0,-0.999903894,0,0,0,0,0,0
2017/8/12,0,-0.312198915,0,-0.999915328,0,0,0,,0,0
2017/8/13,0,-0.375461051,0,-0.999926835,0,0,0,,0,0
2017/8/14,0,-0.463342862,0,-0.999936978,0,0,0,0,0,0
2017/8/15,0,-0.382197886,0,-0.999945777,0,0,0,0,0,0
2017/8/16,0,-0.559969225,0,-0.999952944,0,0,0,0,0,0
2017/8/17,0,-0.570241506,0,-0.999958559,0,0,0,0,0,0
2017/8/18,0,-0.320997885,0,-0.999962839,0,0,0,0,0,0
2017/8/19,0,0,0,-0.999965812,0,0,0,,0,0
2017/8/20,0,0,0,-0.999967269,0,0,0,,0,0
2017/8/21,0,0,0,-0.999967243,0,0,0,0,0,0
2017/8/22,0,0,0,-0.99996579,1,0,0,0,0,0
2017/8/23,0,0,0,-0.933186312,-1,0,0,0,0,0
2017/8/24,0,0,0,-0.819492246,0,0,0,0,0,0
2017/8/25,0,0,0,-0.711031266,0,0,0,0,0,0
2017/8/26,0,0,0,-0.644520557,0,0,0,,0,0
2017/8/27,0,0,0,-0.612587979,0,0,0,,0,0
2017/8/28,0,0,0,-0.580937419,0,0,0,,0,0
2017/8/29,0,0,0,-0.540892424,0,0,0,0,0,0
2017/8/30,0,0,0,-0.49004148,0,0,0,0,0,0
2017/8/31,0,0,0,-0.432689381,0,0,0,0,0,0
2017/9/1,0,-0.345065171,0,-0.372716648,0,0,0,0,0,0
2017/9/2,0,0,0,-0.337168912,0,0,0,,0,0
2017/9/3,0,0,0,-0.337331261,0,0,0,,0,0
2017/9/4,0,0,0,-0.361668207,1,0,0,0,0,0
2017/9/5,0,0,0,-0.388330785,0,0,0,0,0,0
2017/9/6,0,0,0,-0.498569925,0,0,0,0,0,0
2017/9/7,0,0,0,-0.551849132,-1,0,0,0,0,0
2017/9/8,0,0,0,-0.528428424,1,0,0,0,0,0
2017/9/9,0,0,0,-0.392351441,0,0,0,,0,0
2017/9/10,0,0,0,0,0,0,0,,0,0
2017/9/11,0,0,0,0,0,0,0,0,0,0
2017/9/12,0,0,0,0,0,0,0,0,0,0
2017/9/13,0,0,0,0,0,0,0,0,0,0
2017/9/14,-1,0,0,0,0,-1,0,0,0,0
2017/9/15,0,0.431642533,0,0,0,0,0,0,0,0
2017/9/16,0,0,0,0.25376134,0,0,0,,0,0
2017/9/17,0,0,0,0.629745979,0,0,0,,0,0
2017/9/18,0,0,0,0.887646522,-1,0,0,0,0,1
2017/9/19,0,0,0,1,0,0,0,0,0,0
2017/9/20,0,0,-1,1,0,0,0,0,0,0
2017/9/21,0,0,0,1,0,0,0,0,0,0
2017/9/22,0,0,0,0.873073082,0,0,0,0,0,0
2017/9/23,0,0,0,0.693230813,0,0,0,,0,0
2017/9/24,0,0,0,0.52084889,0,0,0,,0,0
2017/9/25,0,0,0,0.381887844,0,0,0,0,0,0
2017/9/26,0,0,0,0.266580188,0,0,0,0,0,0
2017/9/27,0,0,0,0,0,0,0,0,0,0
2017/9/28,0,0,0,0,0,0,0,0,0,0
2017/9/29,0,0,0,0,0,0,0,0,0,0
2017/9/30,1,0,0,0,0,0,0,,0,0
2017/10/1,0,0,0,0,0,1,0,,0,0
2017/10/2,0,0,0,0,0,0,0,0,0,0
2017/10/3,0,0,0,-0.623713163,0,0,0,0,0,0
2017/10/4,0,0,0,-0.968866521,0,0,0,0,0,0
2017/10/5,0,0,0,-0.999931325,0,0,0,1,1,0
2017/10/6,0,0,1,-0.999932385,0,0,0,0,0,0
2017/10/7,0,0,0,-0.999929771,0,0,0,,0,0
2017/10/8,0,-0.313991367,0,-0.999925424,0,0,0,,0,0
2017/10/9,0,0,0,-0.999921957,0,0,0,0,0,0
2017/10/10,0,-0.38312352,0,-0.999920704,0,0,0,0,0,-1
2017/10/11,0,-0.456790732,0,-0.999922581,0,0,0,0,0,0
2017/10/12,0,0,0,-0.999927304,0,0,0,0,0,0
2017/10/13,0,-0.597029132,0,-0.999932271,0,0,0,0,0,0
2017/10/14,0,-0.677217457,0,-0.999938176,0,0,0,,0,0
2017/10/15,0,-0.657975542,0,-0.999945434,0,0,0,,0,0
2017/10/16,0,-0.475645644,0,-0.999952742,0,0,0,0,0,0
2017/10/17,0,-0.325235124,0,-0.999958715,0,0,0,0,0,0
2017/10/18,0,-0.552155668,0,-0.999962847,0,0,0,0,0,0
2017/10/19,0,-0.556723101,0,-0.999965464,0,0,0,0,0,0
2017/10/20,0,-0.63687991,0,-0.999966996,0,0,0,0,0,0
2017/10/21,0,-0.628010505,0,-0.999968005,0,0,0,,0,0
2017/10/22,0,-0.577340782,0,-0.999968811,0,-1,0,,0,0
2017/10/23,0,-0.417050726,0,-0.999969371,0,0,0,0,0,0
2017/10/24,0,-0.367834504,0,-0.999969529,0,0,0,0,0,0
2017/10/25,0,0,0,-0.999969103,0,0,0,0,0,0
2017/10/26,0,0,0,-0.999315458,0,0,0,0,0,0
2017/10/27,0,0,0,-0.963064113,0,0,0,0,0,0
2017/10/28,0,0,0,-0.906866581,0,0,0,,0,0
2017/10/29,0,0,0,-0.82943826,0,0,0,,0,0
2017/10/30,0,0,0,-0.763016405,0,0,0,0,0,0
2017/10/31,0,0,0,-0.701845609,0,0,0,0,0,0
2017/11/1,0,0,0,-0.627902032,0,0,0,0,0,0
2017/11/2,0,0,0,-0.579078888,0,0,0,0,0,0
2017/11/3,0,0,0,-0.591838006,0,0,0,0,0,0
2017/11/4,0,-0.339146449,0,-0.651512987,0,0,0,,0,0
2017/11/5,0,0,0,-0.719536329,0,0,0,,0,0
2017/11/6,0,0,0,-0.77338391,0,0,0,0,0,0
2017/11/7,0,0,0,-0.808644342,0,0,0,0,0,0
2017/11/8,0,0,0,-0.829777006,0,0,0,0,0,0
2017/11/9,0,0,0,-0.84296156,0,0,0,0,0,0
2017/11/10,0,0,0,-0.879793935,1,0,0,0,0,0
2017/11/11,0,0,0,-0.903428421,0,0,0,,0,0
2017/11/12,0,0,0,-0.803371662,0,0,0,,0,0
2017/11/13,0,0,0,-0.539425857,0,0,0,0,0,0
2017/11/14,0,0,0,-0.231571962,0,0,0,0,0,0
2017/11/15,0,0,0,0,-1,0,0,0,0,0
2017/11/16,0,0,0,0,0,0,0,0,0,0
2017/11/17,0,0,0,0,0,0,0,0,0,0
2017/11/18,0,0,0,0,0,0,0,,0,0
2017/11/19,0,0,0,0,0,0,0,,0,0
2017/11/20,0,0,0,0,0,0,0,0,0,0
2017/11/21,0,0,0,0,0,0,0,0,0,0
2017/11/22,0,0,0,0,0,0,0,0,0,0
2017/11/23,0,0,0,0,0,0,0,0,0,0
2017/11/24,0,0,0,0,0,0,0,0,0,0
2017/11/25,0,0,0,0,0,0,0,,0,0
2017/11/26,0,-0.860384188,0,0,0,0,0,,0,0
2017/11/27,0,-0.865064954,0,-0.259695354,0,0,0,0,0,0
2017/11/28,0,-0.923723961,0,-0.509963287,0,0,0,0,0,0
2017/11/29,0,-0.863819668,0,-0.786600739,0,0,0,1,1,0
2017/11/30,0,-0.848677824,0,-0.978435464,0,0,0,0,0,0
2017/12/1,0,-0.880488579,0,-0.999983478,0,0,0,0,0,0
2017/12/2,0,-0.928284817,0,-0.999984646,0,0,0,,0,0
2017/12/3,0,-0.933715798,0,-0.999985258,0,0,0,,0,0
2017/12/4,0,-0.937508277,0,-0.999985581,0,0,0,0,0,0
2017/12/5,0,-0.937445437,0,-0.999985814,0,0,0,0,0,1
2017/12/6,0,-0.957579831,0,-0.999986059,0,0,0,0,0,0
2017/12/7,0,-0.984996282,0,-0.999986633,0,0,0,0,0,0
2017/12/8,0,-0.985591683,0,-0.999988013,0,0,0,0,0,0
2017/12/9,0,-0.411662486,0,-0.999989917,0,0,0,,0,0
2017/12/10,0,-0.334327915,0,-0.999991559,0,0,0,,0,0
2017/12/11,0,0,0,-0.999992669,0,0,0,0,0,0
2017/12/12,0,-0.405853088,0,-0.999993282,0,0,0,0,0,0
2017/12/13,0,-0.305120151,0,-0.999993597,0,0,0,1,1,0
2017/12/14,0,0,0,-0.99999373,0,0,0,0,0,0
2017/12/15,0,0,0,-0.999993722,0,0,0,0,0,0
2017/12/16,0,-0.313915878,0,-0.99999364,0,0,0,,0,0
2017/12/17,0,0,0,-0.999993613,0,0,0,,0,0
2017/12/18,0,0,0,-0.999993689,0,0,0,0,0,-1
2017/12/19,0,0,0,-0.999993827,1,0,0,0,0,0
2017/12/20,0,0,0,-0.99999392,0,0,0,0,0,0
2017/12/21,0,0,0,-0.999993826,0,0,0,0,0,0
2017/12/22,0,0,0,-0.986809401,0,0,0,,0,0
2017/12/23,0,0,0,-0.804709693,0,0,0,,0,0
2017/12/24,0,0,0,-0.431401258,0,0,0,,0,0
2017/12/25,0,0,0,0,0,0,0,,0,0
2017/12/26,0,0,0,0,0,0,0,,0,0
2017/12/27,0,0,0,0,-1,0,0,0,0,0
2017/12/28,0,0,0,0,0,0,0,0,0,0
2017/12/29,0,0,0,0,0,0,0,,0,0
2017/12/30,0,0.315249575,0,0,1,0,0,,0,0
2017/12/31,0,0,0,0,0,0,0,,0,0
2018/1/1,0,0,0,0.300576754,0,0,0,,0,0
2018/1/2,0,0,0,0.513674178,-1,0,0,0,0,0
2018/1/3,0,0,0,0.700179636,0,0,0,0,0,0
2018/1/4,0,0,0,0.757380945,0,0,0,0,0,0
2018/1/5,0,0,0,0.633383409,0,0,0,0,0,0
2018/1/6,0,0,0,0.425070913,0,0,0,,0,0
2018/1/7,0,0,0,0,0,0,0,,0,0
2018/1/8,0,0,0,0,1,0,0,0,0,0
2018/1/9,0,0,0,0,0,0,0,0,0,0
2018/1/10,0,0,0,0,0,0,0,1,1,0
2018/1/11,0,0,0,-0.472169144,0,0,0,0,0,0
2018/1/12,0,0,0,-0.487290061,0,0,0,0,0,0
2018/1/13,-1,0,0,0,0,0,0,,0,0
2018/1/14,0,0,0,0,0,0,0,,0,0
2018/1/15,0,0,0,0,0,0,0,0,0,0
2018/1/16,0,0,0,0,0,0,0,0,0,0
2018/1/17,0,0,0,0,0,0,0,0,0,0
2018/1/18,0,0,0,0,0,0,0,0,0,0
2018/1/19,0,0.520758841,-1,0,0,0,0,0,0,0
2018/1/20,0,0,0,0,0,0,0,,0,0
2018/1/21,0,0,0,0.216262302,0,0,0,,0,0
2018/1/22,0,0,0,0.531158919,0,0,0,0,0,0
2018/1/23,0,0,0,0.829035511,0,0,0,0,0,0
2018/1/24,0,0,0,1,0,0,0,0,0,0
2018/1/25,0,0,0,1,0,0,0,0,0,0
2018/1/26,0,0,0,1,0,0,0,0,0,0
2018/1/27,0,0,0,1,0,0,0,,0,0
2018/1/28,0,0,0,1,0,0,0,,0,0
2018/1/29,0,0,0,1,0,0,0,0,0,0
2018/1/30,0,0,0,1,0,0,0,0,0,0
2018/1/31,0,0,0,1,0,0,0,0,0,0
2018/2/1,0,0,0,1,0,0,0,0,0,0
2018/2/2,0,0,0,1,0,0,0,0,0,0
2018/2/3,0,0.561261268,0,1,0,0,0,,0,0
2018/2/4,0,0.465858154,0,1,0,0,0,,0,0
2018/2/5,0,0.605862489,0,1,0,0,0,0,0,0
2018/2/6,0,0.54350108,0,1,0,0,0,0,0,0
2018/2/7,0,0,0,1,0,0,0,0,0,0
2018/2/8,0,0,0,1,-1,0,0,0,0,1
2018/2/9,0,0,0,1,0,0,0,0,0,0
2018/2/10,0,0,0,1,0,0,0,,0,0
2018/2/11,0,0,0,1,0,0,0,,0,0
2018/2/12,0,0,0,0.929997381,0,0,0,0,0,0
2018/2/13,0,0,0,0.805303948,0,0,0,0,0,0
2018/2/14,0,0,0,0.660777654,0,0,0,0,0,-1
2018/2/15,0,0,0,0.493625374,0,0,0,0,0,0
2018/2/16,0,0,0,0.295261617,0,0,0,0,0,0
2018/2/17,0,0,0,0,0,1,0,,0,0
2018/2/18,0,0,0,0,0,0,0,,0,0
2018/2/19,0,-0.8096385,0,0,0,0,0,0,0,0
2018/2/20,0,-0.816955102,0,0,0,0,0,0,0,0
2018/2/21,1,-0.648873518,0,0,0,0,0,0,0,0
2018/2/22,0,0,0,-0.457050677,1,0,0,0,0,0
2018/2/23,0,0,0,-0.768849817,0,0,0,0,0,0
2018/2/24,0,0,0,-0.954260343,0,0,0,,0,0
2018/2/25,0,0,0,-0.922608876,0,0,0,,0,0
2018/2/26,0,0,1,-0.741824145,0,0,0,0,0,0
2018/2/27,0,0,0,-0.527640805,0,0,0,0,0,0
2018/2/28,0,0,0,-0.330030798,0,0,0,0,0,0
2018/3/1,0,0,0,0,-1,0,0,0,0,1
2018/3/2,0,0,0,0,0,0,0,0,0,0
2018/3/3,0,0,0,0,0,0,0,,0,0
2018/3/4,0,0,0,0,0,0,0,,0,0
2018/3/5,0,0,0,0,0,0,0,0,0,0
2018/3/6,0,0,0,0,0,0,0,0,0,0
2018/3/7,0,0,0,0,1,0,0,0,0,-1
2018/3/8,0,0,0,0,0,0,0,0,0,0
2018/3/9,-1,0,0,0,0,0,0,0,0,0
2018/3/10,0,0,0,0,0,0,0,,0,0
2018/3/11,0,0,0,0,0,0,0,,0,0
2018/3/12,0,0,0,0,0,-1,0,0,0,0
2018/3/13,0,0,0,0,0,0,0,1,1,0
2018/3/14,0,0,0,0,0,0,0,0,0,0
2018/3/15,0,0,-1,0,0,0,0,0,0,0
2018/3/16,0,0,0,0,0,1,0,0,0,0
2018/3/17,0,0.424398434,0,0,0,0,0,,0,0
2018/3/18,0,0.50127307,0,0,0,0,0,,0,0
2018/3/19,0,0.410427997,0,0.339907188,0,0,0,0,0,0
2018/3/20,0,0,0,0.589479029,-1,0,0,0,0,0
2018/3/21,0,0,0,0.842015316,0,0,0,0,0,0
2018/3/22,0,0,0,1,0,0,0,0,0,0
2018/3/23,0,0,0,0.949049462,0,0,0,0,0,0
2018/3/24,0,0,0,0.858289914,0,0,0,,0,0
2018/3/25,0,0,0,0.734347851,0,0,0,,0,0
2018/3/26,0,0,0,0.576098701,0,0,0,0,0,0
2018/3/27,0,0,0,0.389242172,1,0,0,0,0,0
2018/3/28,0,0,0,0.207429364,0,0,0,0,0,0
2018/3/29,0,0,0,0,0,0,0,0,0,0
2018/3/30,0,0,0,0,0,0,0,,0,0
2018/3/31,0,0,0,0,0,0,0,,0,0
2018/4/1,0,0,0,0,0,0,0,,0,0
2018/4/2,0,0,0,0.286693341,0,0,0,,0,0
2018/4/3,0,0,0,0.380081946,0,0,0,0,0,0
2018/4/4,0,0,0,0.443112459,-1,0,0,0,0,0
2018/4/5,0,0.30712978,0,0.484553361,0,0,0,1,1,0
2018/4/6,0,0.380128324,0,0.565514326,1,0,0,0,0,0
2018/4/7,0,0.343473383,0,0.681793543,0,0,0,,0,0
2018/4/8,0,0,0,0.813623461,-1,0,0,,0,0
2018/4/9,0,0,0,0.930820487,0,0,0,0,0,0
2018/4/10,0,0,0,1,0,0,0,0,0,0
2018/4/11,0,0,0,1,0,0,0,0,0,0
2018/4/12,0,0,0,1,0,0,0,0,0,0
2018/4/13,0,0,0,0.930832401,0,0,0,0,0,0
2018/4/14,0,0,0,0.702104065,0,0,0,,0,0
2018/4/15,0,0,0,0.295850033,0,0,0,,0,0
2018/4/16,0,0,0,0,0,0,0,0,0,0
2018/4/17,0,0,0,0,0,0,0,0,0,0
2018/4/18,0,0,0,0,0,0,0,0,0,0
2018/4/19,0,0,0,-0.432597076,0,0,0,0,0,0
2018/4/20,1,-0.311692989,0,-0.612789341,0,0,0,0,0,0
2018/4/21,0,0,0,-0.716154582,0,0,0,,0,0
2018/4/22,0,0,0,-0.80299464,0,0,0,,0,0
2018/4/23,0,-0.47192562,0,-0.871920408,0,0,0,0,0,1
2018/4/24,0,-0.546340136,1,-0.929448023,0,0,0,0,0,0
2018/4/25,0,-0.541610234,0,-0.975765099,0,0,0,0,0,0
2018/4/26,0,0,0,-0.999978283,0,0,0,0,0,0
2018/4/27,0,0,0,-0.999979609,0,0,0,0,0,0
2018/4/28,0,0,0,-0.999979886,0,0,0,,0,0
2018/4/29,0,0,0,-0.99997894,0,0,0,,0,0
2018/4/30,0,0,0,-0.999976658,0,0,0,0,0,0
2018/5/1,0,0,0,-0.991636786,0,0,0,0,0,0
2018/5/2,0,0,0,-0.941578205,0,0,0,0,0,0
2018/5/3,0,0,0,-0.864547222,0,0,0,0,0,0
2018/5/4,0,0,0,-0.826557412,0,0,0,0,0,0
2018/5/5,0,0,0,-0.815560887,0,0,0,,0,0
2018/5/6,0,0,0,-0.812221585,0,0,0,,0,0
2018/5/7,0,0,0,-0.811784592,0,0,0,,0,0
2018/5/8,0,0,0,-0.810200468,0,0,0,1,1,0
2018/5/9,0,0,0,-0.797713238,0,0,0,0,0,0
2018/5/10,0,0,0,-0.763297091,1,0,0,0,0,-1
2018/5/11,0,0,0,-0.597001517,0,0,0,0,0,0
2018/5/12,0,0,0,0,0,0,0,,0,0
2018/5/13,0,0,0,0,0,0,0,,0,0
2018/5/14,0,0,0,0,0,0,0,0,0,0
2018/5/15,-1,0,0,0,0,0,0,0,0,0
2018/5/16,0,0,0,0,0,0,0,0,0,0
2018/5/17,0,0.372536642,0,0,0,0,0,0,0,0
2018/5/18,0,0.350861504,0,0,0,0,0,0,0,0
2018/5/19,0,0.406310897,0,0.287394073,0,0,0,,0,0
2018/5/20,0,0,0,0.434272039,-1,0,0,,0,1
2018/5/21,0,0,-1,0.615756227,0,0,0,0,0,0
2018/5/22,0,0,0,0.810321707,0,0,0,0,0,0
2018/5/23,0,0.314243224,0,0.913689824,1,0,0,0,0,-1
2018/5/24,0,0.302349621,0,0.955539605,0,0,0,0,0,0
2018/5/25,0,0,0,0.956188272,0,0,0,0,0,0
2018/5/26,0,0,0,0.95637865,0,-1,0,,0,0
2018/5/27,0,0,0,0.955863941,0,0,0,,0,0
2018/5/28,0,0.317549863,0,0.954609248,0,0,0,,0,0
2018/5/29,0,0,0,0.953037863,0,0,0,0,0,0
2018/5/30,0,0,0,0.951283307,0,0,0,0,0,0
2018/5/31,0,0,0,0.949476137,0,0,0,0,0,0
2018/6/1,0,0,0,0.947139378,-1,0,0,0,0,0
2018/6/2,0,0,0,0.943822457,0,0,0,,0,0
2018/6/3,0,0,0,0.903467722,0,0,0,,0,0
2018/6/4,0,0,0,0.760348892,0,0,0,0,0,0
2018/6/5,0,0,0,0.588780316,0,0,0,0,0,0
2018/6/6,0,0,0,0.474283729,0,0,0,0,0,0
2018/6/7,0,0,0,0.343880988,0,0,0,0,0,0
2018/6/8,0,0,0,0.213568353,0,1,0,0,0,0
2018/6/9,0,0,0,0,0,0,0,,0,0
2018/6/10,0,0,0,0,1,0,0,,0,0
2018/6/11,0,0,0,0,0,0,0,0,0,0
2018/6/12,0,0,0,0,0,-1,0,0,0,0
2018/6/13,0,0,0,0,0,0,0,0,0,0
2018/6/14,0,0,0,0,0,0,0,0,0,0
2018/6/15,0,0,0,0,0,0,0,0,0,0
2018/6/16,0,0,0,0,0,0,0,,0,0
2018/6/17,0,0,0,0,0,0,0,,0,0
2018/6/18,0,0,0,0.309241863,0,0,0,0,0,0
2018/6/19,0,0,0,0.467465386,-1,0,0,0,0,1
2018/6/20,0,0,0,0.611999891,0,0,0,0,0,0
2018/6/21,0,0,0,0.737616897,0,0,0,0,0,0
2018/6/22,0,0,0,0.762925618,0,0,0,0,0,0
2018/6/23,0,0,0,0.7388109,1,0,0,,0,-1
2018/6/24,0,0,0,0.73556353,0,0,0,,0,0
2018/6/25,0,0,0,0.733697862,0,0,0,0,0,0
2018/6/26,0,0,0,0.726743434,0,0,0,0,0,0
2018/6/27,0,0,0,0.712968134,0,0,0,0,0,0
2018/6/28,0,0,0,0.68767814,0,0,0,0,0,0
2018/6/29,0,0,0,0.649900424,0,0,0,0,0,0
2018/6/30,0,0,0,0.60487886,-1,0,0,,0,0
2018/7/1,0,0,0,0.554409009,0,0,0,,0,1
2018/7/2,0,0,0,0.493779252,0,0,0,0,0,0
2018/7/3,0,0,0,0.386504393,0,0,0,0,0,0
2018/7/4,0,0,0,0,0,0,0,0,0,0
2018/7/5,0,0,0,0,0,0,0,0,0,0
2018/7/6,0,0,0,0,0,0,0,0,0,0
2018/7/7,0,0,0,0,0,0,0,,0,0
2018/7/8,0,0,0,0,0,0,0,,0,0
2018/7/9,0,0,0,0,0,0,0,0,0,-1
2018/7/10,0,0,0,0,0,0,0,0,0,0
2018/7/11,0,0,0,0,1,0,0,0,0,0
2018/7/12,0,0,0,0,0,1,1,0,0,0
2018/7/13,0,0,0,0,0,0,0,0,0,0
2018/7/14,0,0,0,-0.226893796,0,-1,0,,0,0
2018/7/15,0,0,0,0,0,0,0,,0,0
2018/7/16,0,0,0,0,-1,0,0,0,0,0
2018/7/17,0,0,0,0,0,0,0,0,0,1
2018/7/18,1,0,0,0,0,0,0,0,0,0
2018/7/19,0,0,0,0,0,0,0,0,0,0
2018/7/20,0,0,0,0,0,0,0,0,0,0
2018/7/21,0,0,0,0,0,0,0,,0,0
2018/7/22,0,0,0,0,0,0,0,,0,0
2018/7/23,0,0,0,0,0,0,0,0,0,0
2018/7/24,0,-0.346224811,1,0,0,1,0,0,0,0
2018/7/25,0,-0.643168574,0,-0.208096061,0,0,0,0,0,0
2018/7/26,0,-0.560918265,0,-0.280204783,0,0,0,0,0,0
2018/7/27,0,-0.458689553,0,-0.383682266,0,0,0,0,0,0
2018/7/28,0,-0.509819148,0,-0.51349464,0,0,0,,0,0
2018/7/29,0,-0.51269867,0,-0.662027327,0,0,0,,0,0
2018/7/30,0,-0.464075376,0,-0.81732717,0,0,0,0,0,0
2018/7/31,0,0,0,-0.947057912,0,0,0,0,0,0
2018/8/1,0,0,0,-0.999975339,1,0,0,0,0,-1
2018/8/2,0,0,0,-0.974958503,0,0,0,0,0,0
2018/8/3,0,0,0,-0.850456416,0,0,0,0,0,0
2018/8/4,0,0,0,-0.622737837,0,0,0,,0,0
2018/8/5,0,0,0,-0.303343969,0,0,0,,0,0
2018/8/6,0,0,0,0,0,0,0,0,0,0
2018/8/7,0,0,0,0,0,0,0,0,0,0
2018/8/8,-1,0.505481789,0,0,0,0,0,0,0,0
2018/8/9,0,0.557751544,0,0,0,0,0,0,0,0
2018/8/10,0,0.507825733,0,0,0,0,0,0,0,0
2018/8/11,0,0.87767379,0,0.394786687,0,0,0,,0,0
2018/8/12,0,0.675614233,0,0.625090293,0,0,0,,0,0
2018/8/13,0,0.648535877,-1,0.804130715,0,0,0,0,0,0
2018/8/14,0,0.614586091,0,0.933779759,0,0,0,0,0,0
2018/8/15,0,0.376657773,0,1,-1,0,0,0,0,1
2018/8/16,0,0.435357997,0,1,0,0,0,0,0,0
2018/8/17,0,0.37552254,0,1,0,0,0,0,0,0
2018/8/18,0,0,0,0.997748923,0,0,0,,0,0
2018/8/19,0,0,0,0.954036908,0,0,0,,0,0
2018/8/20,0,0,0,0.87319901,0,0,0,0,0,0
2018/8/21,0,0,0,0.754960609,0,0,0,0,0,0
2018/8/22,0,0,0,0.611110405,0,0,0,0,0,0
2018/8/23,0,0,0,0.439604509,0,0,0,0,0,0
2018/8/24,0,0,0,0.253643957,0,0,0,0,0,0
2018/8/25,0,0,0,0,0,0,0,,0,0
2018/8/26,0,0,0,0,0,0,0,,0,0
2018/8/27,0,0,0,0,0,0,0,,0,-1
2018/8/28,0,0,0,0,0,0,0,0,0,0
2018/8/29,0,0,0,-0.429500372,0,0,0,0,0,0
2018/8/30,1,0,0,-0.836135534,0,0,0,0,0,0
2018/8/31,0,0,0,-0.999915608,0,0,0,0,0,0
2018/9/1,0,0,0,-0.999926116,0,0,0,,0,0
2018/9/2,0,0,0,-0.999931291,0,0,0,,0,0
2018/9/3,0,0,0,-0.999934039,0,0,0,0,0,0
2018/9/4,0,0,0,-0.999935711,0,0,0,0,0,0
2018/9/5,0,0,1,-0.99993722,0,0,0,0,0,0
2018/9/6,0,0,0,-0.99993792,1,0,0,0,0,0
2018/9/7,0,0,0,-0.999935692,0,0,0,0,0,0
2018/9/8,-1,0,0,-0.766316155,0,0,0,,0,0
2018/9/9,0,0,0,-0.352001187,0,0,0,,0,0
2018/9/10,0,0,0,0,0,0,0,0,0,0
2018/9/11,0,0,0,0,0,0,0,0,0,0
2018/9/12,0,0,0,0,0,0,0,0,0,0
2018/9/13,0,0,0,0,0,0,0,0,0,0
2018/9/14,0,0,-1,0,-1,0,0,0,0,0
2018/9/15,0,0,0,0,0,0,0,,0,0
2018/9/16,0,0,0,0.33525073,0,0,0,,0,0
2018/9/17,0,0,0,0.395481506,0,0,0,0,0,0
2018/9/18,0,0,0,0.403154482,0,0,0,0,0,0
2018/9/19,0,0,0,0.411360708,0,0,0,0,0,0
2018/9/20,0,0,0,0.432320014,0,0,0,0,0,0
2018/9/21,0,0,0,0.391061375,0,0,0,0,0,0
2018/9/22,0,0,0,0.315931778,0,0,0,,0,0
2018/9/23,0,0,0,0,0,0,0,,0,0
2018/9/24,0,0,0,0,0,0,0,0,0,0
2018/9/25,0,0,0,0,0,0,0,0,0,0
2018/9/26,0,0,0,0,0,0,0,0,0,0
2018/9/27,0,0,0,0,0,0,0,0,0,1
2018/9/28,0,0,0,-0.594149038,0,0,0,0,0,0
2018/9/29,0,0,0,-0.914715646,0,0,0,,0,0
2018/9/30,0,0,0,-0.853967043,0,0,0,,0,0
2018/10/1,0,0,0,-0.72774049,0,0,0,0,0,0
2018/10/2,0,0,0,-0.582945696,0,0,0,0,0,0
2018/10/3,0,0,0,-0.426067566,0,0,0,0,0,0
2018/10/4,0,0,0,-0.248482324,0,0,0,0,0,0
2018/10/5,0,0,0,0,0,0,0,0,0,0
2018/10/6,0,0,0,0,0,0,0,,0,0
2018/10/7,0,0,0,0,0,0,0,,0,0
2018/10/8,0,0,0,0,0,0,0,0,0,0
2018/10/9,1,0,0,0,0,0,0,0,0,0
2018/10/10,0,0,0,0,0,0,0,0,0,0
2018/10/11,-1,0,0,0,1,0,0,0,0,-1
2018/10/12,0,0,0,0,0,0,0,0,0,0
2018/10/13,0,0,0,0.212387373,0,0,0,,0,0
2018/10/14,0,0,0,0.331517359,0,0,0,,0,0
2018/10/15,0,0,0,0.451881493,-1,0,0,0,0,0
2018/10/16,0,0,0,0.535131903,0,0,0,0,0,0
2018/10/17,0,0,0,0.571197514,0,-1,-1,0,0,0
2018/10/18,0,0,0,0.558706698,0,0,0,0,0,0
2018/10/19,0,0,0,0.300537966,0,0,0,0,0,0
2018/10/20,0,0,0,0,0,0,0,,0,0
2018/10/21,0,0,0,0,0,0,0,,0,0
2018/10/22,0,0,0,0,0,0,0,1,1,0
2018/10/23,0,0,0,0,0,1,0,0,0,0
2018/10/24,0,0,0,0,0,-1,0,0,0,0
2018/10/25,0,0,0,0,0,0,0,0,0,0
2018/10/26,0,0,0,0,0,0,0,0,0,0
2018/10/27,0,0,0,0,0,0,0,,0,0
2018/10/28,0,0,0,0,0,0,0,,0,0
2018/10/29,0,0,0,0,0,0,0,0,0,0
2018/10/30,0,0.458787266,0,0,0,0,0,0,0,0
2018/10/31,0,0.464959273,0,0,0,0,0,0,0,1
2018/11/1,0,0,0,0,0,0,0,0,0,0
2018/11/2,0,0,0,0,0,0,0,0,0,0
2018/11/3,0,0,0,0,0,0,0,,0,0
2018/11/4,0,0,0,0,0,0,0,,0,0
2018/11/5,0,0,0,0.439566749,0,0,0,0,0,0
2018/11/6,0,0,0,0.729602584,0,0,0,0,0,0
2018/11/7,0,0,0,0.740517538,0,0,0,0,0,0
2018/11/8,0,0,0,0.482904815,0,0,0,0,0,0
2018/11/9,0,0,0,0,0,1,0,0,0,0
2018/11/10,0,0,0,0,0,0,0,,0,0
2018/11/11,0,0,0,0,0,0,0,,0,0
2018/11/12,0,0,0,0,0,-1,0,0,0,0
2018/11/13,0,0,0,0,0,0,0,0,0,0
2018/11/14,0,0,0,0,0,0,0,0,0,0
2018/11/15,0,0,0,0,1,0,0,0,0,-1
2018/11/16,0,0.476199128,0,0,0,0,0,0,0,0
2018/11/17,0,0.49939634,0,0,0,0,0,,0,0
2018/11/18,0,0.469369484,0,0,0,0,0,,0,0
2018/11/19,0,0.657958591,0,0.311279376,0,0,0,0,0,0
2018/11/20,0,0.764212176,0,0.469407475,0,0,0,0,0,0
2018/11/21,0,0.930612347,0,0.61075908,0,0,0,0,0,0
2018/11/22,0,0.842250658,0,0.742114269,0,0,0,0,0,0
2018/11/23,0,0.855621106,0,0.852924691,0,0,0,1,1,0
2018/11/24,0,0.793200933,0,0.934423267,0,0,0,,0,0
2018/11/25,0,0.830183187,0,0.982499441,0,0,0,,0,0
2018/11/26,0,0.75763691,0,1,0,0,0,0,0,0
2018/11/27,0,0.764960916,0,1,0,0,0,0,0,0
2018/11/28,0,0.441870286,0,1,-1,0,0,0,0,0
2018/11/29,0,0,0,1,0,0,0,0,0,0
2018/11/30,0,0,0,1,0,0,0,0,0,0
2018/12/1,0,0,0,1,0,0,0,,0,0
2018/12/2,0,0,0,0.965407702,0,0,0,,0,0
2018/12/3,0,0,0,0.883687734,0,0,0,1,0,0
2018/12/4,0,0,0,0.777851935,0,0,0,0,0,0
2018/12/5,0,0,0,0.674450999,0,0,0,0,0,0
2018/12/6,0,0,0,0.594149286,1,0,0,0,0,0
2018/12/7,0,0,0,0.535157411,0,0,0,0,0,0
2018/12/8,0,0,0,0.473279809,0,0,0,,0,0
2018/12/9,0,0,0,0.420674301,0,0,0,,0,0
2018/12/10,0,0,0,0.378498947,0,0,0,0,0,0
2018/12/11,0,0,0,0.341854119,0,0,0,0,0,0
2018/12/12,0,0,0,0.305093402,0,0,0,0,0,0
2018/12/13,0,0.499189049,0,0.274416792,-1,0,0,0,0,0
2018/12/14,0,0.578937436,0,0.263364162,0,1,0,0,0,0
2018/12/15,0,0.535169439,0,0.282255969,0,0,0,,0,0
2018/12/16,0,0.588057226,0,0.370271179,0,0,0,,0,0
2018/12/17,0,0.303907037,0,0.533677238,0,0,0,0,0,0
2018/12/18,0,0,0,0.734419248,0,0,0,0,0,0
2018/12/19,0,0,0,0.903685714,0,0,0,0,0,0
2018/12/20,0,0,0,0.865649342,0,0,0,0,0,0
2018/12/21,0,0,0,0.617150539,0,0,0,0,0,0
2018/12/22,0,0,0,0.258272457,0,0,0,,0,0
2018/12/23,0,0,0,0,0,0,0,,0,0
2018/12/24,0,0,0,0,0,0,0,,0,0
2018/12/25,0,0,0,0,0,0,0,,0,0
2018/12/26,0,0,0,0,0,0,0,,0,0
2018/12/27,0,0,0,-0.297582283,0,0,0,0,0,0
2018/12/28,0,0,0,-0.510719461,1,0,0,0,0,0
2018/12/29,0,0,0,-0.578107213,-1,0,0,,0,0
2018/12/30,0,0,0,-0.54802276,0,0,0,,0,0
2018/12/31,0,0,0,-0.473249813,0,0,0,,0,0
2019/1/1,0,0,0,-0.376633385,0,0,0,,0,0
2019/1/2,0,0,0,-0.256318719,0,0,0,0,0,0
2019/1/3,0,0,0,0,0,0,0,0,0,0
2019/1/4,0,0,0,0,0,0,0,0,0,0
2019/1/5,0,0,0,0,0,0,0,,0,0
2019/1/6,0,0,0,0,0,0,0,,0,0
2019/1/7,0,0,0,0,0,0,0,0,0,0
2019/1/8,1,0,0,0,0,0,0,0,0,0
2019/1/9,0,0,0,0,0,0,0,0,0,0
2019/1/10,0,0,0,0,0,0,0,0,0,0
2019/1/11,-1,0,0,0,1,0,0,0,0,0
2019/1/12,0,0,0,0,0,0,0,,0,0
2019/1/13,0,0,0,0,0,0,0,,0,0
2019/1/14,0,0,0,0,0,0,0,0,0,0
2019/1/15,0,0,0,0,0,0,0,0,0,0
2019/1/16,0,0,0,0,0,0,0,0,0,0
2019/1/17,0,0,0,0,-1,0,0,0,0,0
2019/1/18,0,0,0,0,0,0,0,0,0,0
2019/1/19,0,0,0,0,0,0,0,,0,0
2019/1/20,0,0,0,0,0,0,0,,0,0
2019/1/21,0,0,0,0,0,0,0,0,0,0
2019/1/22,0,0,0,0,0,0,0,0,0,0
2019/1/23,0,0,0,0.201149843,0,0,0,0,0,0
2019/1/24,0,0,0,0.411961305,0,0,0,0,0,0
2019/1/25,0,0,0,0.649468399,0,0,0,0,0,0
2019/1/26,0,0,0,0.746543185,0,0,0,,0,0
2019/1/27,0,0,0,0.739989271,0,0,0,,0,0
2019/1/28,0,0,0,0.712704929,0,0,0,0,0,0
2019/1/29,0,0,0,0.65613151,0,0,0,0,0,0
2019/1/30,0,0,0,0.56592862,0,0,0,0,0,0
2019/1/31,0,0,0,0.450711656,0,0,0,0,0,0
2019/2/1,0,0,0,0.342918762,0,0,0,0,0,0
2019/2/2,0,0,0,0.294642963,0,0,0,,0,0
2019/2/3,0,0,0,0.326978108,0,0,0,,0,0
2019/2/4,0,0,0,0.441441134,0,0,0,0,0,0
2019/2/5,0,0,0,0.670846553,0,0,0,0,0,0
2019/2/6,0,0,0,0.881508161,0,0,0,0,0,0
2019/2/7,0,0,0,1,0,0,0,0,0,0
2019/2/8,0,0,0,1,0,-1,-1,0,0,0
2019/2/9,0,0,0,1,0,0,0,,0,0
2019/2/10,0,0,0,0.942681323,0,0,0,,0,0
2019/2/11,0,0,0,0.624538682,0,0,0,0,0,0
2019/2/12,0,0,0,0,0,0,0,0,0,0
2019/2/13,0,0,0,0,0,0,0,0,0,0
2019/2/14,0,0,0,0,0,0,0,0,0,0
2019/2/15,0,0,0,0,0,0,0,0,0,0
2019/2/16,1,0,0,0,0,0,0,,0,0
2019/2/17,0,0,0,-0.484461946,0,0,0,,0,0
2019/2/18,0,0,0,-0.700615129,0,1,0,0,0,0
2019/2/19,0,-0.311084827,0,-0.81094146,0,0,0,0,0,0
2019/2/20,0,-0.311736567,1,-0.886783069,0,0,0,0,0,0
2019/2/21,0,-0.573872217,0,-0.91255974,0,0,0,0,0,0
2019/2/22,0,-0.461674006,0,-0.934689492,0,0,0,0,0,0
2019/2/23,0,0,0,-0.978451975,0,0,0,,0,0
2019/2/24,0,-0.407015528,0,-0.981674346,0,0,0,,0,0
2019/2/25,0,0,0,-0.983703427,0,0,0,0,0,0
2019/2/26,0,0,0,-0.984442358,0,0,0,0,0,0
2019/2/27,0,0,0,-0.984059335,0,0,0,0,0,0
2019/2/28,0,0,0,-0.982613831,0,0,0,0,0,0
2019/3/1,0,0,0,-0.837819824,0,0,0,0,0,0
2019/3/2,0,0,0,-0.594863405,0,0,0,,0,0
2019/3/3,0,0,0,-0.347691516,0,0,0,,0,0
2019/3/4,0,0,0,0,0,0,0,0,0,1
2019/3/5,0,0,0,0,0,0,0,0,0,0
2019/3/6,0,0,0,0,0,0,0,0,0,0
2019/3/7,0,0,0,0,0,0,0,0,0,0
2019/3/8,0,0,0,0,0,0,0,0,0,0
2019/3/9,0,0,0,0,0,0,0,,0,0
2019/3/10,0,0,0,0,0,0,0,,0,0
2019/3/11,0,0,0,0,0,0,0,0,0,0
2019/3/12,0,0,0,0,0,0,0,0,0,0
2019/3/13,0,0,0,0,0,0,0,0,0,-1
2019/3/14,0,0,0,0,0,0,0,0,0,0
2019/3/15,0,0,0,0,0,0,0,1,1,0
2019/3/16,0,0,0,0,0,0,0,,0,0
2019/3/17,0,0,0,0,0,0,0,,0,0
2019/3/18,0,0,0,0,0,0,0,0,0,0
2019/3/19,0,0,0,0,0,0,0,0,0,0
2019/3/20,0,0,0,-0.538129956,0,0,0,0,0,0
2019/3/21,0,0,0,-0.868246226,0,0,0,0,0,0
2019/3/22,0,0,0,-0.999741205,0,0,0,0,0,0
2019/3/23,0,0,0,-0.999761919,0,0,0,,0,0
2019/3/24,0,0,0,-0.999765646,0,0,0,,0,0
2019/3/25,0,0,0,-0.999753539,0,0,0,0,0,0
2019/3/26,0,0,0,-0.999724004,0,0,0,0,0,0
2019/3/27,0,0,0,-0.927436793,0,0,0,0,0,0
2019/3/28,0,0,0,-0.686254162,0,0,0,0,0,0
2019/3/29,0,0,0,-0.425163759,0,0,0,0,0,0
2019/3/30,0,0,0,-0.271833178,0,0,0,,0,0
2019/3/31,0,0,0,-0.27858662,0,0,0,,0,0
2019/4/1,0,0,0,-0.323361193,0,0,0,0,0,0
2019/4/2,0,0,0,-0.374984835,0,0,0,1,1,1
2019/4/3,0,-0.561063578,0,-0.421326383,0,0,0,0,0,0
2019/4/4,0,-0.579091131,0,-0.523450847,0,0,0,0,0,0
2019/4/5,0,-0.616900984,0,-0.652852266,0,0,0,0,0,0
2019/4/6,0,-0.64945631,0,-0.754179073,0,0,0,,0,0
2019/4/7,0,-0.652623849,0,-0.819804386,0,0,0,,0,0
2019/4/8,0,-0.722625933,0,-0.860014994,0,0,0,0,0,0
2019/4/9,0,-0.860026102,0,-0.885197447,0,0,0,1,0,-1
2019/4/10,0,-0.665815077,0,-0.911524173,0,0,0,0,0,0
2019/4/11,0,-0.672968591,0,-0.948768904,0,0,0,0,0,0
2019/4/12,0,0,0,-0.981319037,0,0,0,0,0,0
2019/4/13,0,0,0,-0.999963478,0,0,0,,0,0
2019/4/14,0,0,0,-0.999963901,0,0,0,,0,0
2019/4/15,0,0,0,-0.96034538,0,0,0,0,0,0
2019/4/16,0,0,0,-0.873871597,0,0,0,0,0,0
2019/4/17,0,0,0,-0.766068556,0,0,0,0,0,0
2019/4/18,0,0,0,-0.662027923,0,0,0,0,0,0
2019/4/19,0,0,0,-0.571836311,0,0,0,,0,0
2019/4/20,0,0,0,-0.501519547,0,0,0,,0,0
2019/4/21,0,0,0,-0.420812513,0,0,0,,0,0
2019/4/22,0,0,0,-0.317438418,0,0,0,,0,0
2019/4/23,0,0,0,0,0,0,0,0,0,1
2019/4/24,0,0,0,0,0,0,0,0,0,0
2019/4/25,0,0,0,0,0,0,0,0,0,0
2019/4/26,0,0,0,0,0,0,0,0,0,0
2019/4/27,0,0,0,0,0,0,0,,0,0
2019/4/28,0,0,0,0,0,0,0,,0,0
2019/4/29,0,0,0,0,0,0,0,0,0,0
2019/4/30,0,0,0,0,0,0,0,0,0,0
2019/5/1,0,0,0,0,0,0,0,0,0,-1
2019/5/2,0,0,0,0,0,0,0,0,0,0
2019/5/3,0,0,0,-0.205435201,0,0,0,0,0,0
2019/5/4,0,0,0,0,0,0,0,,0,0
2019/5/5,0,0,0,0,0,0,0,,0,0
2019/5/6,0,0,0,0,0,0,0,,0,0
2019/5/7,0,0,0,-0.240548877,0,0,0,0,0,0
2019/5/8,0,0,0,-0.309483708,0,0,0,0,0,0
2019/5/9,0,0,0,-0.361870538,0,0,0,0,0,0
2019/5/10,0,-0.621226564,0,-0.402509851,0,0,0,0,0,0
2019/5/11,0,-0.65070334,0,-0.453479844,0,0,0,,0,0
2019/5/12,0,-0.809159178,0,-0.52018922,0,0,0,,0,0
2019/5/13,0,-0.464591896,0,-0.607206892,0,0,0,0,0,0
2019/5/14,0,-0.637368217,0,-0.723734751,0,0,0,0,0,0
2019/5/15,0,-0.654303436,0,-0.836247645,0,0,0,0,0,0
2019/5/16,0,-0.669441625,0,-0.923401613,0,0,0,0,0,0
2019/5/17,0,-0.413692963,0,-0.977462904,0,0,0,0,0,0
2019/5/18,0,0,0,-0.99997883,0,0,0,,0,0
2019/5/19,0,0,0,-0.999981112,1,0,0,,0,0
2019/5/20,0,0,0,-0.999981964,-1,0,0,0,0,0
2019/5/21,0,0,0,-0.999981969,0,0,0,0,0,1
2019/5/22,0,0,0,-0.999981506,0,0,0,0,0,0
2019/5/23,0,0,0,-0.994460819,0,0,0,0,0,0
2019/5/24,0,0,0,-0.959906221,0,0,0,0,0,0
2019/5/25,0,0,0,-0.909934258,0,0,0,,0,0
2019/5/26,0,0,0,-0.86520797,0,0,0,,0,0
2019/5/27,0,0,0,-0.841311962,0,0,0,,0,0
2019/5/28,0,0,0,-0.828406292,0,0,0,0,0,0
2019/5/29,0,0,0,-0.813390531,0,0,0,0,0,0
2019/5/30,0,0,0,-0.794652076,0,0,0,0,0,0
2019/5/31,0,0,0,-0.769028674,0,0,0,0,0,0
2019/6/1,0,0,0,-0.732632004,0,0,0,,0,0
2019/6/2,0,0,0,-0.691241174,0,0,0,,0,-1
2019/6/3,0,0,0,-0.660995523,0,0,0,0,0,0
2019/6/4,0,0,0,-0.646548036,1,0,0,0,0,0
2019/6/5,0,0,0,-0.609843785,0,0,0,0,0,0
2019/6/6,0,0,0,-0.414460719,0,0,0,0,0,0
2019/6/7,0,0,0,0,0,0,0,0,0,0
2019/6/8,0,0,0,0,0,0,0,,0,0
2019/6/9,0,0,0,0,0,0,0,,0,0
2019/6/10,0,0,0,0,0,0,0,0,0,0
2019/6/11,0,0,0,0,-1,0,0,1,1,0
2019/6/12,0,0,0,0,0,0,0,0,0,0
2019/6/13,0,0,0,0,0,0,0,0,0,0
2019/6/14,0,0,0,0,0,0,0,0,0,0
2019/6/15,0,0,0,0.238284331,0,0,0,,0,0
2019/6/16,0,0,0,0.247695719,0,0,0,,0,0
2019/6/17,0,0,0,0,0,0,0,0,0,0
2019/6/18,0,0,0,0,0,0,0,0,0,0
2019/6/19,0,0,0,0,0,-1,-1,0,0,0
2019/6/20,0,0,0,0,0,0,0,0,0,0
2019/6/21,0,0,0,0,0,0,0,0,0,0
2019/6/22,0,-0.34722699,0,0,0,0,0,,0,0
2019/6/23,0,-0.466237634,0,-0.376266669,0,0,0,,0,0
2019/6/24,0,-0.695952175,0,-0.638780274,0,0,0,0,0,0
2019/6/25,0,-0.681448588,0,-0.839665305,0,0,0,0,0,0
2019/6/26,0,-0.807495244,0,-0.956570019,0,0,0,0,0,0
2019/6/27,0,-0.840810573,0,-0.999982771,0,0,0,0,0,0
2019/6/28,0,0,0,-0.999985018,0,0,0,0,0,0
2019/6/29,0,0,0,-0.999986568,0,0,0,,0,0
2019/6/30,0,0,0,-0.999987546,0,0,0,,0,0
2019/7/1,0,0,0,-0.999988015,1,0,0,0,0,0
2019/7/2,0,0,0,-0.999987884,0,0,0,0,0,0
2019/7/3,0,0,0,-0.973214059,0,0,0,0,0,0
2019/7/4,0,0,0,-0.805107653,0,0,0,0,0,0
2019/7/5,0,0,0,-0.601074064,0,0,0,0,0,0
2019/7/6,0,0,0,-0.416500567,0,0,0,,0,0
2019/7/7,0,0,0,-0.259897662,0,0,0,,0,0
2019/7/8,0,0,0,0,-1,0,0,0,0,0
2019/7/9,0,0,0,0,0,0,0,0,0,0
2019/7/10,0,0,0,0,0,0,0,0,0,0
2019/7/11,0,0,0,0,0,0,0,0,0,0
2019/7/12,0,0,0,0,0,0,0,0,0,0
2019/7/13,0,0,0,0,0,0,0,,0,0
2019/7/14,0,0,0,0,1,0,0,,0,0
2019/7/15,0,0,0,0,0,0,0,0,0,0
2019/7/16,0,0,0,0,0,0,0,0,0,0
2019/7/17,0,0,0,0,0,0,0,0,0,0
2019/7/18,0,0,0,0,0,0,0,0,0,0
2019/7/19,0,0,0,0,0,0,0,0,0,0
2019/7/20,0,0,0,0,0,0,0,,0,0
2019/7/21,0,0,0,0,-1,0,0,,0,0
2019/7/22,-1,0,0,0,0,1,0,0,0,0
2019/7/23,0,0,0,0,0,-1,0,0,0,0
2019/7/24,0,0,0,0,1,0,0,0,0,0
2019/7/25,0,0,0,0,0,0,0,0,0,0
2019/7/26,0,0,-1,0,0,0,0,0,0,0
2019/7/27,0,0,0,0.442943377,0,0,0,,0,0
2019/7/28,0,0,0,0.672002181,0,0,0,,0,0
2019/7/29,0,0,0,0.793545354,0,0,0,0,0,0
2019/7/30,0,0,0,0.798818137,0,0,0,0,0,0
2019/7/31,0,0,0,0.79406441,0,0,0,0,0,0
2019/8/1,0,0,0,0.774829873,-1,0,0,0,0,1
2019/8/2,0,0,0,0.731628828,0,0,0,0,0,0
2019/8/3,0,0,0,0.649742601,0,0,0,,0,0
2019/8/4,0,0,0,0.308011484,0,0,0,,0,-1
2019/8/5,0,0,0,0,0,0,0,0,0,0
2019/8/6,1,0,0,0,0,0,0,0,0,0
2019/8/7,0,0,0,0,0,0,0,0,0,0
2019/8/8,0,-0.321083329,0,0,0,0,0,0,0,0
2019/8/9,0,-0.308460306,0,0,0,0,0,0,0,0
2019/8/10,0,0,0,0,0,0,0,,0,0
2019/8/11,0,0,1,-0.289874187,1,0,0,,0,0
2019/8/12,0,0,0,-0.4304963,0,0,0,0,0,0
2019/8/13,0,0,0,-0.576029842,0,0,0,0,0,0
2019/8/14,0,0,0,-0.71830108,0,0,0,0,0,0
2019/8/15,0,0,0,-0.745072876,0,0,0,0,0,0
2019/8/16,0,0,0,-0.591925828,0,0,0,0,0,0
2019/8/17,0,0,0,-0.301289533,0,0,0,,0,0
2019/8/18,-1,0,0,0,0,0,0,,0,0
2019/8/19,0,0,0,0,0,0,0,0,0,0
2019/8/20,0,0,0,0,-1,0,0,0,0,0
2019/8/21,0,0,0,0,0,1,1,0,0,0
2019/8/22,0,0,0,0,0,0,0,0,0,0
2019/8/23,0,0,0,0,0,0,0,0,0,0
2019/8/24,0,0,-1,0,0,0,0,,0,0
2019/8/25,0,0,0,0.40499623,0,0,0,,0,0
2019/8/26,0,0,0,0.632045666,0,0,0,,0,0
2019/8/27,0,0,0,0.764306601,0,0,0,0,0,0
2019/8/28,0,0,0,0.764578716,0,0,0,0,0,0
2019/8/29,0,0,0,0.753769692,1,0,0,0,0,0
2019/8/30,0,0,0,0.728376792,0,0,0,0,0,0
2019/8/31,0,0,0,0.688063916,0,0,0,,0,0
2019/9/1,0,0,0,0.635053977,0,0,0,,0,0
2019/9/2,0,0,0,0.573926889,0,0,0,0,0,0
2019/9/3,0,0,0,0.51225878,-1,0,0,0,0,0
2019/9/4,0,0,0,0.459706742,0,0,0,0,0,0
2019/9/5,0,0,0,0.366661705,0,-1,0,0,0,0
2019/9/6,0,0,0,0,0,0,0,0,0,0
2019/9/7,0,0,0,0,0,0,0,,0,0
2019/9/8,0,0,0,0,0,0,0,,0,0
2019/9/9,0,0,0,0,0,0,0,0,0,1
2019/9/10,0,0,0,0,0,0,0,0,0,0
2019/9/11,0,0,0,0,0,0,0,0,0,0
2019/9/12,0,0,0,0,0,0,0,0,0,0
2019/9/13,0,0,0,0,0,0,0,0,0,0
2019/9/14,0,0,0,0,0,0,0,,0,0
2019/9/15,0,0,0,0,0,0,0,,0,0
2019/9/16,0,0,0,0,0,0,0,0,0,0
2019/9/17,0,0,0,0,0,0,0,0,0,0
2019/9/18,0,0,0,0,0,0,0,0,0,0
2019/9/19,0,0,0,0,0,0,0,0,0,0
2019/9/20,0,0,0,0,0,0,0,0,0,0
2019/9/21,0,0,0,0,0,0,0,,0,0
2019/9/22,0,0,0,0,0,0,0,,0,0
2019/9/23,0,0,0,0,0,0,0,0,0,-1
2019/9/24,0,0,0,0.445693672,1,0,0,0,0,0
2019/9/25,0,0.352964026,0,0.951505899,0,0,0,0,0,0
2019/9/26,0,0.443658043,0,1,0,0,0,0,0,0
2019/9/27,0,0.788483664,0,1,0,0,0,0,0,0
2019/9/28,0,0.629527275,0,1,0,0,0,,0,0
2019/9/29,0,0.596499899,0,1,0,0,0,,0,0
2019/9/30,0,0.612628281,0,1,0,0,0,0,0,0
2019/10/1,0,0.371789277,0,1,0,0,0,0,0,0
2019/10/2,0,0.343125391,0,1,-1,0,0,0,0,1
2019/10/3,0,0,0,1,0,0,0,0,0,0
2019/10/4,0,0.417318104,0,1,0,0,0,0,0,0
2019/10/5,0,0.413186611,0,0.989002631,0,0,0,,0,0
2019/10/6,0,0.375946458,0,0.922094554,0,0,0,,0,0
2019/10/7,0,0.476994161,0,0.841631078,0,0,0,0,0,0
2019/10/8,0,0,0,0.787044233,0,0,0,0,0,0
2019/10/9,0,0,0,0.757771458,0,0,0,0,0,0
2019/10/10,0,0,0,0.738582047,0,0,0,0,0,0
2019/10/11,0,0,0,0.690251549,0,0,0,0,0,0
2019/10/12,0,0,0,0.57102425,0,0,0,,0,0
2019/10/13,0,0,0,0.362437641,0,0,0,,0,0
2019/10/14,0,0,0,0,0,0,0,0,0,0
2019/10/15,0,0,0,0,0,0,0,0,0,0
2019/10/16,0,0,0,0,0,0,0,0,0,0
2019/10/17,0,0,0,-0.468605758,1,0,0,1,1,-1
2019/10/18,0,0,0,-0.679118906,0,0,0,0,0,0
2019/10/19,0,0,0,-0.306324081,0,0,0,,0,0
2019/10/20,0,0,0,0,0,0,0,,0,0
2019/10/21,0,0,0,0,-1,0,0,0,0,0
2019/10/22,0,0,0,0,0,0,0,0,0,0
2019/10/23,0,0,0,0,0,0,0,0,0,0
2019/10/24,0,0,0,0,1,0,0,0,0,0
2019/10/25,0,0,0,0,0,0,0,0,0,0
2019/10/26,0,0,0,0,-1,0,0,,0,0
2019/10/27,0,0,0,0.458971002,0,0,0,,0,0
2019/10/28,0,0,0,0.499785981,0,0,0,0,0,0
2019/10/29,1,0,0,0,0,0,0,0,0,0
2019/10/30,0,0,0,0,0,0,0,0,0,0
2019/10/31,0,0,0,0,0,0,0,0,0,0
2019/11/1,0,0,0,0,0,0,0,0,0,0
2019/11/2,0,0,0,-0.2284281,0,0,0,,0,0
2019/11/3,0,0,0,-0.40574144,0,0,0,,0,0
2019/11/4,0,0,1,-0.559474175,0,0,0,0,0,0
2019/11/5,0,0,0,-0.677152207,0,0,0,0,0,0
2019/11/6,0,0,0,-0.727110364,0,0,0,0,0,1
2019/11/7,0,0,0,-0.70067317,0,1,0,0,0,0
2019/11/8,0,0,0,-0.68025947,0,0,0,0,0,0
2019/11/9,0,0,0,-0.712635919,1,0,0,,0,-1
2019/11/10,0,0,0,-0.689488854,0,0,0,,0,0
2019/11/11,0,0,0,-0.549712953,0,0,0,0,0,0
2019/11/12,0,0,0,-0.359327615,0,0,0,0,0,0
2019/11/13,0,0,0,0,0,0,0,0,0,0
2019/11/14,0,0,0,0,0,0,0,0,0,0
2019/11/15,0,0,0,0,0,0,0,0,0,0
2019/11/16,-1,0,0,0,0,0,0,,0,0
2019/11/17,0,0,0,0.525258134,0,0,0,,0,0
2019/11/18,0,0,0,0.884331775,0,0,0,0,0,0
2019/11/19,0,0.31422921,0,1,0,0,0,0,0,0
2019/11/20,0,0,0,1,0,0,0,0,0,0
2019/11/21,0,0.35221365,-1,1,0,0,0,0,0,0
2019/11/22,0,0.440503889,0,1,0,0,0,0,0,0
2019/11/23,0,0.414149135,0,1,0,0,0,,0,0
2019/11/24,0,0.421018269,0,1,0,0,0,,0,0
2019/11/25,0,0.773319275,0,1,0,0,0,0,0,0
2019/11/26,0,0.450459365,0,1,0,0,0,0,0,0
2019/11/27,0,0.510898083,0,1,0,0,0,0,0,0
2019/11/28,0,0,0,1,-1,0,0,0,0,0
2019/11/29,0,0,0,1,0,0,0,0,0,0
2019/11/30,0,0,0,1,0,0,0,,0,0
2019/12/1,0,0,0,0.991154821,0,0,0,,0,0
2019/12/2,0,0,0,0.857129085,0,0,0,0,0,0
2019/12/3,0,0,0,0.672356699,0,0,0,0,0,0
2019/12/4,0,0,0,0.503186481,0,0,0,0,0,0
2019/12/5,0,0,0,0.378893212,0,0,0,0,0,0
2019/12/6,0,0,0,0.311086215,0,0,0,0,0,0
2019/12/7,0,0,0,0.265820999,0,0,0,,0,0
2019/12/8,0,0,0,0,0,0,0,,0,0
2019/12/9,0,0,0,0,0,0,0,0,0,0
2019/12/10,0,0,0,0,0,0,0,0,0,0
2019/12/11,0,0,0,0,0,0,0,0,0,0
2019/12/12,0,0,0,0,0,0,0,0,0,0
2019/12/13,0,0,0,0,0,0,0,0,0,0
2019/12/14,0,0,0,0,0,0,0,,0,0
2019/12/15,0,0,0,0,0,0,0,,0,0
2019/12/16,0,0,0,0,0,0,0,0,0,0
2019/12/17,0,0,0,0,1,0,0,0,0,0
2019/12/18,0,0,0,0.30562164,0,0,0,0,0,0
2019/12/19,0,0,0,0.818424825,-1,0,0,0,0,0
2019/12/20,0,0,0,0.984480524,0,-1,0,0,0,0
2019/12/21,0,0,0,0.985526992,0,0,0,,0,0
2019/12/22,0,0,0,0.985252837,0,0,0,,0,0
2019/12/23,0,0,0,0.869095459,0,0,0,0,0,0
2019/12/24,0,0,0,0.569365235,0,0,0,,0,0
2019/12/25,0,0,0,0.230337056,0,0,0,,0,0
2019/12/26,0,0,0,0,0,0,0,,0,0
2019/12/27,0,0,0,0,0,0,0,0,0,0
2019/12/28,0,0,0,0,0,0,0,,0,0
2019/12/29,0,0,0,0,0,0,0,,0,0
2019/12/30,0,0,0,0,0,0,0,0,0,0
2019/12/31,0,0,0,0,0,0,0,,0,0
2020/1/1,0,0,0,0,0,0,0,,0,0
2020/1/2,0,0,0,0,0,0,0,0,0,0
2020/1/3,0,0,0,-0.278090892,1,0,0,0,0,0
2020/1/4,0,0,0,-0.352445251,-1,0,0,,0,0
2020/1/5,0,0,0,-0.219360228,0,0,0,,0,0
2020/1/6,0,0,0,0,0,0,0,1,1,0
2020/1/7,1,0,0,0,0,0,0,0,0,0
2020/1/8,0,0,0,0,0,0,0,0,0,0
2020/1/9,0,0,0,0,0,0,0,0,0,0
2020/1/10,0,0,0,0,0,0,0,0,0,0
2020/1/11,0,0,0,-0.267021464,0,0,0,,0,0
2020/1/12,0,0,1,-0.416819032,0,0,0,,0,0
2020/1/13,0,0,0,-0.51481039,0,0,0,0,0,0
2020/1/14,0,0,0,-0.583623524,0,0,0,0,0,0
2020/1/15,0,0,0,-0.634419908,0,0,0,0,0,0
2020/1/16,0,0,0,-0.691642561,0,0,0,0,0,0
2020/1/17,0,0,0,-0.761996326,0,0,0,0,0,0
2020/1/18,0,0,0,-0.859419275,0,0,0,,0,0
2020/1/19,0,0,0,-0.948692423,0,0,0,,0,0
2020/1/20,0,0,0,-0.998292031,0,1,0,0,0,0
2020/1/21,0,0,0,-0.999970887,0,0,0,0,0,0
2020/1/22,0,0,0,-0.9999715,0,0,0,0,0,0
2020/1/23,0,0,0,-0.999970412,0,0,0,0,0,0
2020/1/24,0,0,0,-0.988133968,1,-1,0,0,0,0
2020/1/25,0,0,0,-0.884621972,0,0,0,,0,0
2020/1/26,0,0,0,-0.688100511,0,0,0,,0,0
2020/1/27,0,0,0,-0.420332143,0,0,0,0,0,0
2020/1/28,0,0,0,0,-1,0,0,0,0,0
2020/1/29,0,0,0,0,0,0,0,0,0,0
2020/1/30,0,0,0,0,0,0,0,0,0,0
2020/1/31,0,0,0,0,0,0,0,0,0,0
2020/2/1,0,0,0,0,0,0,0,,0,0
2020/2/2,0,0,0,0,0,0,0,,0,0
2020/2/3,0,0,0,0,0,0,0,0,0,0
2020/2/4,0,0,0,0,0,0,0,0,0,1
2020/2/5,0,0,0,0,0,0,0,0,0,0
2020/2/6,0,0,0,0,0,0,0,0,0,0
2020/2/7,0,0,0,0,0,0,0,0,0,0
2020/2/8,0,0,0,-0.221816227,0,0,0,,0,0
2020/2/9,0,-0.36157253,0,-0.384071742,0,1,0,,0,0
2020/2/10,0,-0.360130775,0,-0.614982715,0,0,0,0,0,0
2020/2/11,0,0,0,-0.854917845,0,0,0,0,0,0
2020/2/12,0,0,0,-0.999963014,0,0,0,0,0,0
2020/2/13,0,0,0,-0.999965742,0,0,0,0,0,0
2020/2/14,0,0,0,-0.999966535,0,0,0,0,0,0
2020/2/15,0,0,0,-0.999965608,0,0,0,,0,0
2020/2/16,0,0,0,-0.999963391,0,0,0,,0,0
2020/2/17,0,0,0,-0.99995967,1,0,0,0,0,-1
2020/2/18,0,0,0,-0.999954249,0,-1,0,0,0,0
2020/2/19,0,0,0,-0.874102721,0,0,0,0,0,0
2020/2/20,0,0,0,-0.65337588,0,0,0,0,0,0
2020/2/21,0,0,0,-0.399205031,0,0,0,0,0,0
2020/2/22,0,0,0,0,0,0,0,,0,0
2020/2/23,0,0,0,0,0,0,0,,0,0
2020/2/24,0,0,0,0,-1,0,0,0,0,0
2020/2/25,0,0,0,0,0,0,0,0,0,0
2020/2/26,0,0,0,0,1,0,0,0,0,0
2020/2/27,0,0,0,0,0,0,0,0,0,0
2020/2/28,-1,0,0,0,0,0,0,0,0,0
2020/2/29,0,0,0,0.328381186,0,0,0,,0,0
2020/3/1,0,0,0,0.705059862,0,0,0,,0,0
2020/3/2,0,0,0,0.939549274,0,0,0,0,0,0
2020/3/3,0,0,0,1,0,0,0,0,0,0
2020/3/4,0,0,-1,1,0,0,0,0,0,0
2020/3/5,0,0,0,1,0,0,0,0,0,0
2020/3/6,0,0,0,1,-1,0,0,0,0,0
2020/3/7,0,0,0,1,0,0,0,,0,0
2020/3/8,0,0,0,0.890346383,0,0,0,,0,0
2020/3/9,0,0,0,0.702776174,1,0,0,0,0,0
2020/3/10,0,0,0,0.593215803,0,0,0,0,0,0
2020/3/11,0,0,0,0.594017425,0,0,0,0,0,0
2020/3/12,0,0,0,0.622259533,0,0,0,0,0,0
2020/3/13,0,0.508398471,0,0.653215698,0,0,0,0,0,0
2020/3/14,0,0,0,0.698315794,0,0,0,,0,0
2020/3/15,0,0,0,0.74769301,0,0,0,,0,0
2020/3/16,0,0,0,0.7906584,0,0,0,0,0,0
2020/3/17,0,0,0,0.823700313,0,0,0,0,0,0
2020/3/18,0,0,0,0.847915217,0,0,0,0,0,0
2020/3/19,0,0,0,0.864395937,-1,0,0,0,0,1
2020/3/20,0,0,0,0.874674375,0,0,0,0,0,0
2020/3/21,0,0,0,0.879744718,0,0,0,,0,0
2020/3/22,0,0,0,0.903103584,0,0,0,,0,0
2020/3/23,0,0,0,0.832079673,0,0,0,0,0,0
2020/3/24,0,0,0,0.688245288,0,0,0,0,0,-1
2020/3/25,0,0,0,0.510016816,0,0,0,1,1,0
2020/3/26,0,0,0,0.332184268,0,0,0,0,0,0
2020/3/27,0,0,0,0,0,0,0,0,0,0
2020/3/28,0,0,0,0,0,0,0,,0,0
2020/3/29,0,0,0,0,1,0,0,,0,0
2020/3/30,0,0,0,0,0,0,0,0,0,0
2020/3/31,0,0,0,0,0,0,0,0,0,0
2020/4/1,0,0,0,0,0,0,0,0,0,0
2020/4/2,0,0,0,0,-1,0,0,0,0,0
2020/4/3,0,0,0,-0.317435252,0,0,0,0,0,0
2020/4/4,0,0,0,-0.479341562,0,0,0,,0,0
2020/4/5,0,0,0,-0.477205773,0,0,0,,0,0
2020/4/6,0,0,0,-0.44758332,0,0,0,0,0,0
2020/4/7,0,0,0,-0.399283936,0,0,0,0,0,0
2020/4/8,0,0,0,-0.341580501,0,0,0,1,0,0
2020/4/9,1,0,0,-0.277877817,0,0,0,0,0,0
2020/4/10,0,0,0,-0.215297645,0,0,0,,0,0
2020/4/11,0,0,0,0,0,0,0,,0,0
2020/4/12,0,0,0,0,0,0,0,,0,0
2020/4/13,0,0,0,0,1,0,0,,0,0
2020/4/14,0,0,0,0,0,0,0,0,0,0
2020/4/15,0,0,1,0,0,0,0,0,0,0
2020/4/16,-1,0,0,-0.214453582,0,0,0,0,0,0
2020/4/17,1,0,0,-0.211329137,-1,0,0,0,0,0
2020/4/18,0,0,0,0,0,0,0,,0,0
2020/4/19,0,0,0,0,0,0,0,,0,0
2020/4/20,0,0,0,0,0,0,0,0,0,0
2020/4/21,0,0,0,0,0,0,0,0,0,0
2020/4/22,0,0,0,0,0,0,0,0,0,0
2020/4/23,0,0,0,0,0,0,0,0,0,0
2020/4/24,0,0,0,0,0,0,0,0,0,0
2020/4/25,0,0,0,0,0,0,0,,0,0
2020/4/26,0,0,0,0,0,0,0,,0,0
2020/4/27,0,0,0,0,0,0,0,0,0,0
2020/4/28,0,0,0,0,0,0,0,0,0,1
2020/4/29,0,0,0,0,0,0,0,0,0,0
2020/4/30,0,-0.456000611,0,0,0,0,0,0,0,0
2020/5/1,0,0,0,-0.498401679,0,0,0,0,0,0
2020/5/2,0,-0.335537233,0,-0.802276512,0,0,0,,0,0
2020/5/3,0,-0.31828832,0,-0.97230065,0,0,0,,0,0
2020/5/4,0,-0.373762932,0,-0.999968428,0,0,0,0,0,0
2020/5/5,0,-0.660056778,0,-0.999972255,0,0,0,0,0,0
2020/5/6,0,-0.676754623,0,-0.999974626,0,0,0,0,0,0
2020/5/7,0,-0.659275892,0,-0.999976201,0,0,0,0,0,0
2020/5/8,0,-0.713482583,0,-0.999977252,0,0,0,,0,0
2020/5/9,0,-0.538825232,0,-0.999978128,0,0,0,,0,0
2020/5/10,0,0,0,-0.999978911,0,0,0,,0,0
2020/5/11,0,0,0,-0.999979459,1,0,0,0,0,-1
2020/5/12,0,0,0,-0.999979341,0,0,0,0,0,0
2020/5/13,0,0,0,-0.999978197,0,0,0,0,0,0
2020/5/14,0,0,0,-0.867971168,0,0,0,0,0,0
2020/5/15,0,0,0,-0.67105003,-1,0,0,0,0,0
2020/5/16,0,0,0,-0.500037589,0,0,0,,0,0
2020/5/17,0,0,0,-0.373615422,0,0,0,,0,0
2020/5/18,0,0,0,-0.280095328,0,0,0,0,0,0
2020/5/19,0,0,0,0,0,0,0,0,0,0
2020/5/20,0,0,0,0,0,0,0,0,0,0
2020/5/21,0,0,0,0,0,0,0,0,0,0
2020/5/22,0,0,0,0,1,0,0,0,0,0
2020/5/23,0,0,0,0,0,0,0,,0,0
2020/5/24,0,0,0,0,0,0,0,,0,0
2020/5/25,0,0,0,0,0,0,0,,0,0
2020/5/26,0,0,0,0,0,0,0,0,0,0
2020/5/27,0,0,0,0,0,0,0,0,0,0
2020/5/28,0,0,0,0,0,0,0,0,0,0
2020/5/29,0,0,0,0,-1,0,0,0,0,0
2020/5/30,0,0,0,0,0,0,0,,0,0
2020/5/31,0,0,0,0,0,0,0,,0,0
2020/6/1,0,0,0,0,0,0,0,0,0,0
2020/6/2,0,0,0,0,0,0,0,0,0,0
2020/6/3,0,0,0,0,0,0,0,0,0,1
2020/6/4,0,0,0,0,0,0,0,0,0,0
2020/6/5,0,0,0,0,0,0,0,0,0,0
2020/6/6,0,0,0,0,0,0,0,,0,0
2020/6/7,0,0,0,0,0,0,0,,0,0
2020/6/8,0,0,0,0,0,0,0,0,0,0
2020/6/9,0,0,0,0,0,0,0,0,0,0
2020/6/10,0,0,0,0,0,0,0,0,0,0
2020/6/11,0,0,0,-0.286501578,0,0,0,0,0,-1
2020/6/12,0,0,0,-0.59683767,1,0,0,0,0,0
2020/6/13,0,0,0,-0.732614786,0,0,0,,0,0
2020/6/14,0,0,0,-0.605840741,0,0,0,,0,0
2020/6/15,0,0,0,-0.403290402,0,0,0,0,0,0
2020/6/16,0,0,0,0,0,0,0,0,0,0
2020/6/17,0,0,0,0,0,0,0,0,0,0
2020/6/18,0,0,0,0,0,0,0,0,0,0
2020/6/19,0,0,0,0,0,0,0,0,0,0
2020/6/20,0,0,0,0.444011105,0,0,0,,0,0
2020/6/21,0,0,0,0.839671568,0,0,0,,0,0
2020/6/22,0,0,0,1,0,0,0,0,0,0
2020/6/23,0,0,0,1,-1,0,0,0,0,0
2020/6/24,0,0,0,0.983576544,0,0,0,0,0,0
2020/6/25,0,0,0,0.806920572,0,0,0,0,0,0
2020/6/26,-1,0,0,0.607322449,0,0,0,0,0,0
2020/6/27,0,0,0,0.485498154,1,0,0,,0,0
2020/6/28,0,0,0,0.447882908,0,0,0,,0,0
2020/6/29,0,0,0,0.428829664,0,0,0,0,0,0
2020/6/30,0,0,0,0.424921029,0,0,0,0,0,0
2020/7/1,0,0,-1,0.427625472,0,0,0,0,0,0
2020/7/2,0,0,0,0.438873579,0,0,0,0,0,0
2020/7/3,0,0,0,0.450546319,0,0,0,0,0,0
2020/7/4,0,0,0,0.459906087,0,0,0,,0,0
2020/7/5,0,0,0,0.463453116,0,0,0,,0,0
2020/7/6,0,0,0,0.459794448,0,0,0,0,0,0
2020/7/7,0,0,0,0.447923921,-1,0,0,0,0,0
2020/7/8,0,0,0,0.394436134,0,0,0,0,0,0
2020/7/9,0,0,0,0.391979037,0,0,0,0,0,0
2020/7/10,0,0,0,0.31954759,0,0,0,0,0,0
2020/7/11,0,0,0,0,0,0,0,,0,0
2020/7/12,0,0,0,0,0,0,0,,0,0
2020/7/13,0,0,0,0,0,0,0,0,0,0
2020/7/14,0,0,0,0,0,0,0,0,0,0
2020/7/15,0,0,0,0,0,0,0,0,0,0
2020/7/16,0,0,0,0,0,0,0,0,0,0
2020/7/17,0,0,0,0,0,0,0,0,0,0
2020/7/18,0,0,0,-0.202521968,0,0,0,,0,0
2020/7/19,0,0,0,0,0,0,0,,0,0
2020/7/20,0,0,0,0,0,0,0,0,0,0
2020/7/21,0,0,0,0,0,0,0,0,0,0
2020/7/22,0,0,0,0,0,0,0,0,0,0
2020/7/23,1,0,0,0,0,0,0,0,0,0
2020/7/24,0,0,0,0,0,0,0,0,0,0
2020/7/25,0,0,0,0,0,0,0,,0,0
2020/7/26,0,0,0,0,0,0,0,,0,0
2020/7/27,0,0,0,0,0,0,0,0,0,0
2020/7/28,0,-0.65424326,0,0,0,0,0,0,0,0
2020/7/29,0,-0.516251602,1,-0.248221144,0,0,0,0,0,0
2020/7/30,0,-0.61930592,0,-0.456753111,0,0,0,0,0,0
2020/7/31,0,-0.697370747,0,-0.625322203,0,0,0,0,0,0
2020/8/1,0,-0.721048476,0,-0.754419824,0,0,0,,0,0
2020/8/2,0,-0.762522718,0,-0.852207028,0,0,0,,0,0
2020/8/3,0,0,0,-0.924260511,0,0,0,0,0,0
2020/8/4,0,0,0,-0.970529498,0,0,0,0,0,0
2020/8/5,0,0,0,-0.998013928,0,0,0,0,0,0
2020/8/6,0,0,0,-0.999980408,0,0,0,0,0,0
2020/8/7,0,0,0,-0.999980463,0,0,0,0,0,0
2020/8/8,0,0,0,-0.999980166,0,0,0,,0,0
2020/8/9,0,0,0,-0.999979681,0,0,0,,0,0
2020/8/10,0,0,0,-0.999979131,0,0,0,0,0,0
2020/8/11,0,0,0,-0.999978486,0,0,0,0,0,1
2020/8/12,0,0,0,-0.999977312,0,0,0,0,0,0
2020/8/13,0,0,0,-0.99997497,0,0,0,0,0,0
2020/8/14,0,0,0,-0.999970743,0,0,0,0,0,0
2020/8/15,0,0,0,-0.999963851,0,0,0,,0,0
2020/8/16,0,0,0,-0.999952972,0,0,0,,0,0
2020/8/17,0,0,0,-0.999934814,0,0,0,0,0,-1
2020/8/18,0,0,0,-0.999908076,0,0,0,0,0,0
2020/8/19,0,0,0,-0.999885069,0,0,0,0,0,0
2020/8/20,0,0,0,-0.999884882,0,0,0,0,0,0
2020/8/21,0,0,0,-0.999894618,0,0,0,0,0,0
2020/8/22,0,0,0,-0.99990045,1,0,0,,0,0
2020/8/23,0,0,0,-0.999896781,0,0,0,,0,0
2020/8/24,0,0,0,-0.7442709,0,0,0,0,0,0
2020/8/25,0,0,0,-0.335703891,0,0,0,0,0,0
2020/8/26,0,0,0,0,0,0,0,0,0,0
2020/8/27,0,0,0,0,0,0,0,0,0,0
2020/8/28,0,0,0,0,0,0,0,0,0,0
2020/8/29,0,0,0,0,0,0,0,,0,0
2020/8/30,0,0,0,0,0,0,0,,0,0
2020/8/31,0,0,0,0,0,0,0,,0,0
2020/9/1,0,0,0,0,0,0,0,0,0,0
2020/9/2,0,0,0,0,-1,0,0,0,0,0
2020/9/3,0,0,0,0,0,0,0,0,0,0
2020/9/4,-1,0,0,0,1,0,0,0,0,0
2020/9/5,0,0,0,0.373866122,0,0,0,,0,0
2020/9/6,0,0,0,0.472918531,0,0,0,,0,0
2020/9/7,0,0,0,0.567164128,0,0,0,0,0,0
2020/9/8,0,0,0,0.644000714,0,0,0,0,0,0
2020/9/9,0,0,0,0.698507158,0,0,0,0,0,0
2020/9/10,0,0,-1,0.733033316,0,0,0,0,0,0
2020/9/11,0,0,0,0.75269125,0,0,0,0,0,0
2020/9/12,0,0,0,0.7600812,-1,0,0,,0,0
2020/9/13,0,0,0,0.758518317,0,0,0,,0,0
2020/9/14,0,0,0,0.741741706,0,0,0,0,0,0
2020/9/15,0,0,0,0.65189468,0,0,0,0,0,0
2020/9/16,0,0,0,0.537314201,0,0,0,0,0,0
2020/9/17,0,0,0,0.447497368,0,0,0,0,0,0
2020/9/18,0,0,0,0.344321619,0,0,0,0,0,0
2020/9/19,0,0,0,0,0,0,0,,0,0
2020/9/20,0,0,0,0,0,0,0,,0,0
2020/9/21,0,0,0,0,0,0,0,0,0,0
2020/9/22,0,0,0,0,1,0,0,0,0,0
2020/9/23,0,0,0,0,0,0,0,0,0,0
2020/9/24,0,0,0,0,0,0,0,0,0,0
2020/9/25,0,0,0,0,0,0,0,0,0,0
2020/9/26,0,0,0,-0.215336911,0,0,0,,0,0
2020/9/27,0,0,0,0,0,0,0,,0,0
2020/9/28,0,0,0,0,-1,0,0,0,0,1
2020/9/29,0,0,0,0,0,0,0,0,0,0
2020/9/30,0,0,0,0,0,0,0,1,1,0
2020/10/1,0,0,0,0,0,0,0,0,0,-1
2020/10/2,0,0,0,0,0,0,0,0,0,0
2020/10/3,0,0,0,0,0,0,0,,0,0
2020/10/4,0,0,0,0,0,0,0,,0,0
2020/10/5,0,0,0,0,0,0,0,0,0,0
2020/10/6,0,0,0,0,0,0,0,0,0,0
2020/10/7,0,0,0,0,0,0,0,0,0,0
2020/10/8,0,0,0,0,0,0,0,0,0,0
2020/10/9,0,0,0,0,0,0,0,0,0,0
2020/10/10,1,0,0,0,0,0,0,,0,0
2020/10/11,0,0,0,0,0,0,0,,0,0
2020/10/12,0,0,0,0,0,0,0,0,0,0
2020/10/13,0,0,0,-0.587398668,0,0,0,0,0,0
2020/10/14,0,0,0,-0.692219012,0,0,0,0,0,0
2020/10/15,0,0,1,-0.747293769,0,0,0,0,0,0
2020/10/16,0,0,0,-0.777815721,0,0,0,0,0,0
2020/10/17,0,0,0,-0.796411738,0,0,0,,0,0
2020/10/18,0,0,0,-0.80765904,0,0,0,,0,0
2020/10/19,0,0,0,-0.814318028,0,0,0,0,0,0
2020/10/20,0,0,0,-0.856968562,0,0,0,0,0,0
2020/10/21,0,-0.494178734,0,-0.908603862,0,0,0,0,0,0
2020/10/22,0,-0.649258713,0,-0.960224829,0,0,0,0,0,0
2020/10/23,0,-0.636808974,0,-0.999953139,0,0,0,0,0,0
2020/10/24,0,-0.563583146,0,-0.999960255,0,0,0,,0,0
2020/10/25,0,-0.553861149,0,-0.999966698,0,0,0,,0,0
2020/10/26,0,-0.435293306,0,-0.999971427,0,0,0,0,0,0
2020/10/27,0,-0.405999215,0,-0.999974419,0,0,0,0,0,0
2020/10/28,0,-0.633289947,0,-0.999975976,0,0,0,0,0,1
2020/10/29,0,0,0,-0.999976791,0,0,0,0,0,0
2020/10/30,0,-0.318572858,0,-0.999977146,0,0,0,0,0,0
2020/10/31,0,-0.485222109,0,-0.99997724,0,0,0,,0,0
2020/11/1,0,-0.516115449,0,-0.999977344,0,0,0,,0,0
2020/11/2,0,-0.45195934,0,-0.999977709,0,0,0,0,0,0
2020/11/3,0,0,0,-0.999978302,0,0,0,0,0,-1
2020/11/4,0,-0.313289966,0,-0.999978792,0,0,0,0,0,0
2020/11/5,0,0,0,-0.999979088,0,0,0,0,0,0
2020/11/6,0,-0.398182036,0,-0.999978889,0,0,0,0,0,0
2020/11/7,0,-0.429832724,0,-0.999978605,0,0,0,,0,0
2020/11/8,0,0,0,-0.999978675,0,0,0,,0,0
2020/11/9,0,0,0,-0.999978855,0,0,0,0,0,0
2020/11/10,0,0,0,-0.999979168,0,0,0,0,0,0
2020/11/11,0,0,0,-0.999979548,0,0,0,0,0,1
2020/11/12,0,0,0,-0.999979686,0,0,0,0,0,0
2020/11/13,0,0,0,-0.999979712,0,0,0,0,0,0
2020/11/14,0,0,0,-0.999979965,0,0,0,,0,0
2020/11/15,0,0,0,-0.999980571,0,0,0,,0,0
2020/11/16,0,0,0,-0.999981259,0,0,0,0,0,0
2020/11/17,0,0,0,-0.999981762,0,0,0,0,0,0
2020/11/18,0,-0.307171668,0,-0.999982272,0,0,0,0,0,0
2020/11/19,0,-0.305667994,0,-0.999983071,0,0,0,0,0,0
2020/11/20,0,0,0,-0.999984159,0,0,0,0,0,0
2020/11/21,0,0,0,-0.999985031,0,0,0,,0,0
2020/11/22,0,-0.633131759,0,-0.999985608,0,0,0,,0,0
2020/11/23,0,-0.401087962,0,-0.999986081,0,0,0,0,0,0
2020/11/24,0,-0.486558885,0,-0.999986397,0,0,0,0,0,0
2020/11/25,0,-0.569182934,0,-0.999986532,0,0,0,0,0,0
2020/11/26,0,0,0,-0.999986652,0,0,0,0,0,0
2020/11/27,0,0,0,-0.999986721,1,0,0,0,0,-1
2020/11/28,0,0,0,-0.999986275,0,0,0,,0,0
2020/11/29,0,0,0,-0.859656702,0,0,0,,0,0
2020/11/30,0,0,0,-0.611350676,0,0,0,0,0,0
2020/12/1,0,0,0,-0.368992266,-1,0,0,0,0,0
2020/12/2,0,0,0,-0.23997524,0,0,0,0,0,0
2020/12/3,0,0,0,-0.206255516,0,0,0,0,0,0
2020/12/4,0,0,0,0,0,0,0,0,0,0
2020/12/5,0,0,0,0,0,0,0,,0,0
2020/12/6,0,0,0,0,0,0,0,,0,0
2020/12/7,0,0,0,0,0,0,0,0,0,0
2020/12/8,0,0,0,0,1,0,0,0,0,0
2020/12/9,0,0,0,0,0,0,0,0,0,0
2020/12/10,0,0,0,0,0,0,0,0,0,0
2020/12/11,0,0,0,0,0,0,0,0,0,0
2020/12/12,0,0,0,0,0,0,0,,0,0
2020/12/13,0,0,0,0,0,0,0,,0,0
2020/12/14,0,0,0,0,0,0,0,0,0,0
2020/12/15,0,0,0,0,0,0,0,0,0,0
2020/12/16,0,0,0,0,-1,0,0,0,0,0
2020/12/17,0,0,0,0,0,0,0,0,0,0
2020/12/18,0,0,0,0,0,0,0,0,0,0
2020/12/19,0,-0.309757149,0,0,0,0,0,,0,0
2020/12/20,0,-0.330297987,0,0,0,0,0,,0,0
2020/12/21,0,0,0,-0.290443588,0,0,0,0,0,0
2020/12/22,0,0,0,-0.411325039,0,0,0,0,0,0
2020/12/23,0,-0.375616464,0,-0.487511193,0,0,0,0,0,0
2020/12/24,0,0,0,-0.537161037,1,0,0,,0,0
2020/12/25,0,-0.313568814,0,-0.597502056,0,0,0,,0,0
2020/12/26,0,-0.437813859,0,-0.682953015,0,0,0,,0,0
2020/12/27,0,-0.48752801,0,-0.798123934,-1,0,0,,0,0
2020/12/28,0,-0.419463297,0,-0.916344304,0,0,0,,0,0
2020/12/29,0,-0.453554838,0,-0.991458559,0,0,0,0,0,0
2020/12/30,0,-0.461783679,0,-0.999993098,0,0,0,0,0,0
2020/12/31,0,-0.439824489,0,-0.999993596,0,0,0,,0,0
2021/1/1,0,-0.364045813,0,-0.999993981,0,0,0,,0,0
2021/1/2,0,-0.370885891,0,-0.999994186,0,0,0,,0,0
2021/1/3,0,-0.479067591,0,-0.999994202,0,0,0,,0,0
2021/1/4,0,-0.597627431,0,-0.999994149,0,0,0,1,1,0
2021/1/5,0,-0.546934156,0,-0.999994173,0,0,0,0,0,0
2021/1/6,0,-0.577783475,0,-0.999994316,0,0,0,0,0,0
2021/1/7,0,-0.756800343,0,-0.999994579,0,0,0,0,0,0
2021/1/8,0,-0.785877264,0,-0.999995014,0,0,0,0,0,0
2021/1/9,0,-0.788289291,0,-0.999995591,0,0,0,,0,0
2021/1/10,0,-0.68751693,0,-0.999996172,0,0,0,,0,1
2021/1/11,0,-0.397417865,0,-0.999996612,0,0,0,0,0,0
2021/1/12,0,0,0,-0.999996854,1,0,0,0,0,-1
2021/1/13,0,0,0,-0.999996876,0,0,0,0,0,0
2021/1/14,0,0,0,-0.927034182,0,0,0,0,0,0
2021/1/15,0,0,0,-0.740559827,0,0,0,0,0,0
2021/1/16,0,0,0,-0.558503173,0,0,0,,0,0
2021/1/17,0,0,0,-0.412242043,0,0,0,,0,0
2021/1/18,0,0,0,-0.291666713,0,0,0,0,0,0
2021/1/19,0,0,0,0,0,0,0,0,0,0
2021/1/20,0,0,0,0,0,0,0,0,0,0
2021/1/21,0,0,0,0,0,0,0,0,0,0
2021/1/22,0,0,0,0,0,0,0,1,0,0
2021/1/23,0,0,0,0,0,0,0,,0,0
2021/1/24,0,0,0,0,0,0,0,,0,0
2021/1/25,0,0,0,0,0,0,0,0,0,0
2021/1/26,0,0,0,0.691436437,0,0,0,0,0,0
2021/1/27,0,0,0,1,0,0,0,0,0,0
2021/1/28,0,0,0,1,0,0,0,0,0,0
2021/1/29,0,0,0,1,0,0,0,0,0,0
2021/1/30,0,0,0,1,-1,0,0,,0,0
2021/1/31,0,0,0,0.890520932,0,0,0,,0,0
2021/2/1,0,0,0,0.597310089,0,0,0,0,0,0
2021/2/2,0,0,0,0.278488316,1,0,0,0,0,0
2021/2/3,0,0,0,0,-1,0,0,0,0,1
2021/2/4,0,0,0,0,0,0,0,0,0,0
2021/2/5,0,0,0,0,0,0,0,0,0,0
2021/2/6,0,0,0,0,0,0,0,,0,0
2021/2/7,0,0,0,0,0,0,0,,0,0
2021/2/8,0,0,0,0,0,0,0,0,0,0
2021/2/9,0,-0.362493591,0,-0.297870354,0,0,0,0,0,0
2021/2/10,0,-0.360444618,0,-0.614834188,0,0,0,0,0,0
2021/2/11,0,-0.409933623,0,-0.826766678,0,0,0,0,0,0
2021/2/12,0,-0.413892852,0,-0.957063064,0,0,0,0,0,0
2021/2/13,0,-0.32262893,0,-0.999996262,0,0,0,,0,0
2021/2/14,0,0,0,-0.999996616,0,0,0,,0,0
2021/2/15,0,-0.47242121,0,-0.999996748,0,0,0,0,0,0
2021/2/16,0,-0.370619538,0,-0.999996764,0,0,0,0,0,0
2021/2/17,0,-0.348168748,0,-0.999996712,0,0,0,0,0,0
2021/2/18,0,-0.370972962,0,-0.999996619,0,0,0,0,0,0
2021/2/19,0,-0.390237566,0,-0.999996527,0,0,0,0,0,0
2021/2/20,0,-0.4611651,0,-0.999996462,0,0,0,,0,0
2021/2/21,0,-0.440561078,0,-0.9999965,0,0,0,,0,0
2021/2/22,0,-0.514153106,0,-0.999996622,0,0,0,0,0,0
2021/2/23,0,0,0,-0.999996799,0,0,0,0,0,0
2021/2/24,0,0,0,-0.999996811,1,0,0,0,0,-1
2021/2/25,0,0,0,-0.999996453,0,0,0,0,0,0
2021/2/26,0,0,0,-0.798760632,0,0,0,0,0,0
2021/2/27,0,0,0,-0.367204928,0,0,0,,0,0
2021/2/28,0,0,0,0,0,0,0,,0,0
2021/3/1,0,0,0,0,0,0,0,0,0,0
2021/3/2,0,0,0,0,-1,0,0,0,0,1
2021/3/3,0,0,0,0,0,0,0,0,0,0
2021/3/4,0,0,0,0,0,0,0,0,0,0
2021/3/5,0,0,0,0,0,0,0,0,0,0
2021/3/6,0,0,0,0,0,0,0,,0,0
2021/3/7,0,0,0,0,0,0,0,,0,0
2021/3/8,0,0,0,0,0,0,0,0,0,0
2021/3/9,0,0,0,0,0,0,0,0,0,0
2021/3/10,0,0,0,0,0,0,0,0,0,0
2021/3/11,0,0,0,0,0,0,0,0,0,0
2021/3/12,0,0,0,0,0,0,0,0,0,0
2021/3/13,0,0,0,0,0,0,0,,0,0
2021/3/14,0,-0.348697115,0,0,0,0,0,,0,0
2021/3/15,0,0,0,-0.316807128,0,0,0,0,0,0
2021/3/16,0,0,0,-0.72758537,1,0,0,0,0,-1
2021/3/17,0,0,0,-0.973772893,0,0,0,0,0,0
2021/3/18,0,0,0,-0.921645495,0,0,0,0,0,0
2021/3/19,0,0,0,-0.776359551,0,0,0,0,0,0
2021/3/20,0,0,0,-0.60458868,0,0,0,,0,0
2021/3/21,0,0,0,-0.44904618,-1,0,0,,0,0
2021/3/22,0,0,0,-0.34445146,0,0,0,0,0,0
2021/3/23,0,0,0,-0.282872971,1,0,0,0,0,0
2021/3/24,0,0,0,0,0,0,0,0,0,0
2021/3/25,0,0,0,0,0,0,0,0,0,0
2021/3/26,0,0,0,0,0,0,0,0,0,0
2021/3/27,0,0,0,0,0,0,0,,0,0
2021/3/28,0,0,0,0,-1,0,0,,0,0
2021/3/29,0,0,0,0.284136641,0,0,0,0,0,1
2021/3/30,0,0,0,0.593874464,0,0,0,0,0,0
2021/3/31,0,0,0,0.364205768,0,0,0,0,0,0
2021/4/1,0,0,0,0,0,0,0,0,0,0
2021/4/2,0,0,0,0,0,0,0,,0,0
2021/4/3,0,0,0,0,0,0,0,,0,0
2021/4/4,0,0,0,0,0,0,0,,0,0
2021/4/5,0,0,0,0,0,0,0,,0,0
2021/4/6,0,0,0,0,0,0,0,0,0,0
2021/4/7,0,0,0,0,0,0,0,0,0,0
2021/4/8,0,0,0,0,1,0,0,0,0,-1
2021/4/9,0,0,0,0,0,0,0,0,0,0
2021/4/10,0,0,0,0,-1,0,0,,0,0
2021/4/11,0,0,0,0,0,0,0,,0,0
2021/4/12,0,0,0,0,0,0,0,0,0,0
2021/4/13,0,0,0,0,0,0,0,0,0,0
2021/4/14,0,0,0,0,0,0,0,0,0,0
2021/4/15,0,0,0,0,0,0,0,0,0,0
2021/4/16,0,0,0,0,0,0,0,0,0,0
2021/4/17,0,0,0,0,0,0,0,,0,0
2021/4/18,0,0,0,0,0,0,0,,0,0
2021/4/19,0,0,0,0,1,0,0,0,0,0
2021/4/20,0,0,0,0,0,0,0,0,0,0
2021/4/21,0,0,0,0,0,0,0,0,0,0
2021/4/22,0,0,0,0,0,0,0,0,0,0
2021/4/23,-1,0,0,0,0,0,0,0,0,0
2021/4/24,0,0,0,0,0,0,0,,0,0
2021/4/25,0,0,0,0,0,0,0,,0,0
2021/4/26,0,0,-1,0,0,0,0,1,1,0
2021/4/27,0,0,0,0,-1,0,0,0,0,0
2021/4/28,0,0,0,0,0,0,0,0,0,0
2021/4/29,0,0,0,0.231073075,0,0,0,0,0,1
2021/4/30,0,0,0,0.222284366,0,0,0,0,0,0
2021/5/1,0,0,0,0,0,0,0,,0,0
2021/5/2,0,0,0,0,0,0,0,,0,0
2021/5/3,0,0,0,0,0,0,0,,0,0
2021/5/4,0,0,0,0,0,0,0,0,0,0
2021/5/5,0,0,0,0,1,0,0,0,0,-1
2021/5/6,0,0,0,0,0,0,0,0,0,0
2021/5/7,0,0,0,0,0,0,0,0,0,0
2021/5/8,0,0,1,0,0,0,0,,0,0
2021/5/9,1,0,0,0,-1,0,0,,0,0
2021/5/10,0,0,0,0,0,0,0,0,0,0
2021/5/11,0,0,0,-0.244761988,0,0,0,0,0,0
2021/5/12,0,0,0,-0.341337785,0,0,0,0,0,0
2021/5/13,-1,0,0,-0.312724438,1,0,0,0,0,0
2021/5/14,0,0,0,0,0,0,0,0,0,0
2021/5/15,0,0,0,0,0,0,0,,0,0
2021/5/16,0,0,-1,0,0,0,0,,0,0
2021/5/17,0,0,0,0.244665026,0,0,0,0,0,0
2021/5/18,0,0,0,0.611020015,0,0,0,0,0,0
2021/5/19,0,0,0,0.795269388,0,0,0,0,0,0
2021/5/20,0,0.509004423,0,0.814887143,0,0,0,0,0,0
2021/5/21,0,0,0,0.828902169,0,0,0,0,0,0
2021/5/22,0,0.307139507,0,0.839291594,0,0,0,,0,0
2021/5/23,0,0.410889797,0,0.849285615,0,0,0,,0,0
2021/5/24,0,0.446439102,0,0.85994936,0,0,0,0,0,0
2021/5/25,0,0,0,0.923663177,0,0,0,0,0,0
2021/5/26,0,0,0,0.976257323,0,0,0,0,0,0
2021/5/27,0,0,0,1,0,0,0,0,0,0
2021/5/28,0,0,0,0.973309757,0,0,0,0,0,0
2021/5/29,0,0,0,0.882637035,0,0,0,,0,0
2021/5/30,0,0,0,0.796963746,0,0,0,,0,0
2021/5/31,0,0,0,0.770889838,0,0,0,,0,0
2021/6/1,0,0,0,0.746738111,0,0,0,0,0,0
2021/6/2,0,0,0,0.722383416,0,0,0,0,0,0
2021/6/3,0,0,0,0.696033165,0,0,0,0,0,0
2021/6/4,0,0,0,0.651678446,-1,0,0,0,0,0
2021/6/5,0,0,0,0.555866151,1,0,0,,0,0
2021/6/6,0,0,0,0.351192328,0,0,0,,0,0
2021/6/7,0,0,0,0,0,0,0,0,0,0
2021/6/8,0,0,0,0,0,0,0,0,0,0
2021/6/9,0,0,0,0,0,0,0,0,0,0
2021/6/10,0,0,0,0,0,0,0,0,0,0
2021/6/11,0,0,0,0,0,0,0,0,0,0
2021/6/12,0,0,0,0.427058318,-1,0,0,,0,0
2021/6/13,0,0,0,0.604499558,1,0,0,,0,0
2021/6/14,0,0,0,0.42404924,-1,0,0,0,0,0
2021/6/15,0,0,0,0,0,0,0,0,0,0
2021/6/16,0,0,0,0,0,0,0,0,0,0
2021/6/17,0,0,0,0,0,0,0,0,0,1
2021/6/18,0,0,0,0,1,0,0,0,0,-1
2021/6/19,0,0,0,0,0,0,0,,0,0
2021/6/20,0,0,0,0,0,0,0,,0,0
2021/6/21,0,0,0,0,0,0,0,0,0,0
2021/6/22,0,0,0,0,0,0,0,0,0,0
2021/6/23,0,0,0,0,0,0,0,0,0,0
2021/6/24,0,0,0,0,0,0,0,0,0,0
2021/6/25,0,0,0,0,0,0,0,0,0,0
2021/6/26,0,0,0,0,0,0,0,,0,0
2021/6/27,0,0,0,0,0,0,0,,0,0
2021/6/28,0,0,0,0,-1,0,0,1,1,0
2021/6/29,0,0,0,0,0,0,0,0,0,1
2021/6/30,0,0,0,0,0,0,0,0,0,0
2021/7/1,0,0,0,0,0,0,0,0,0,0
2021/7/2,0,0,0,0,1,0,0,0,0,-1
2021/7/3,0,0,0,0,0,0,0,,0,0
2021/7/4,0,0,0,0,0,0,0,,0,0
2021/7/5,0,0,0,0,0,0,0,0,0,0
2021/7/6,0,0,0,0,0,0,0,0,0,0
2021/7/7,0,0,0,0,0,0,0,0,0,0
2021/7/8,0,0,0,0,0,0,0,0,0,0
2021/7/9,0,0,0,0,0,0,0,0,0,0
2021/7/10,0,0,0,0,0,0,0,,0,0
2021/7/11,0,0,0,0,0,0,0,,0,0
2021/7/12,0,0,0,0,0,0,0,0,0,0
2021/7/13,0,0,0,0,0,0,0,0,0,0
2021/7/14,0,0,0,0,0,0,0,0,0,0
2021/7/15,0,0,0,0,0,0,0,0,0,0
2021/7/16,0,0,0,0,0,0,0,0,0,0
2021/7/17,0,0,0,0.400552046,0,0,0,,0,0
2021/7/18,0,0,0,0.855248544,0,0,0,,0,0
2021/7/19,0,0,0,1,0,0,0,0,0,0
2021/7/20,0,0,0,1,0,0,0,0,0,0
2021/7/21,0,0,0,1,0,0,0,0,0,0
2021/7/22,0,0,0,1,0,0,0,0,0,0
2021/7/23,0,0,0,1,0,0,0,0,0,0
2021/7/24,0,0,0,1,-1,0,0,,0,0
2021/7/25,0,0,0,0.769192222,0,0,0,,0,1
2021/7/26,0,0,0,0.26928712,0,0,0,0,0,0
2021/7/27,1,0,0,0,0,0,0,0,0,0
2021/7/28,0,0,0,0,0,0,0,0,0,0
2021/7/29,0,0,0,0,0,0,0,0,0,-1
2021/7/30,0,-0.402416517,0,0,0,0,0,0,0,0
2021/7/31,0,-0.550444026,0,-0.240164897,0,0,0,,0,0
2021/8/1,0,-0.442440407,1,-0.419653427,0,0,0,,0,0
2021/8/2,0,0,0,-0.573181022,1,0,0,0,0,0
2021/8/3,0,0,0,-0.691010799,0,0,0,0,0,0
2021/8/4,0,0,0,-0.786475298,0,0,0,0,0,0
2021/8/5,0,0,0,-0.773480174,0,0,0,0,0,0
2021/8/6,0,0,0,-0.661060557,0,0,0,0,0,0
2021/8/7,0,0,0,-0.525594076,-1,0,0,,0,0
2021/8/8,0,0,0,-0.464599808,0,0,0,,0,1
2021/8/9,0,0,0,-0.45909519,0,0,0,0,0,0
2021/8/10,0,0,0,-0.463153826,0,0,0,0,0,0
2021/8/11,0,0,0,-0.472376392,0,0,0,0,0,0
2021/8/12,0,0,0,-0.473654151,0,0,0,0,0,0
2021/8/13,0,0,0,-0.459123849,1,0,0,0,0,-1
2021/8/14,0,0,0,-0.423524507,-1,0,0,,0,0
2021/8/15,0,0,0,-0.373499732,0,0,0,,0,0
2021/8/16,0,0,0,-0.319059947,0,0,0,0,0,0
2021/8/17,0,0,0,-0.28194881,1,0,0,0,0,0
2021/8/18,0,0,0,-0.273631465,0,0,0,0,0,0
2021/8/19,0,0,0,-0.327498367,0,0,0,0,0,0
2021/8/20,0,0,0,-0.400080336,0,0,0,0,0,0
2021/8/21,0,0,0,-0.467577065,-1,0,0,,0,0
2021/8/22,0,0,0,-0.536275267,0,0,0,,0,0
2021/8/23,0,0,0,-0.538285798,0,0,0,0,0,0
2021/8/24,0,0,0,-0.531863591,0,0,0,0,0,0
2021/8/25,0,0,0,-0.509467482,1,0,0,0,0,0
2021/8/26,0,0,0,-0.461665904,0,0,0,0,0,0
2021/8/27,0,0,0,-0.393400627,0,0,0,0,0,0
2021/8/28,0,0,0,-0.310284247,0,0,0,,0,0
2021/8/29,0,0,0,0,0,0,0,,0,0
2021/8/30,0,0,0,0,0,0,0,,0,0
2021/8/31,0,0,0,0,0,0,0,0,0,0
2021/9/1,0,0,0,0,0,0,0,0,0,0
2021/9/2,0,0,0,0,0,0,0,0,0,0
2021/9/3,0,0,0,0,0,0,0,0,0,0
2021/9/4,0,0,0,0,-1,0,0,,0,0
2021/9/5,0,0,0,0,0,0,0,,0,0
2021/9/6,0,0,0,0,0,0,0,0,0,0
2021/9/7,0,0,0,0,0,0,0,1,1,0
2021/9/8,0,0,0,0,1,0,0,0,0,0
2021/9/9,0,0,0,0,0,0,0,0,0,0
2021/9/10,0,0,0,0,0,0,0,0,0,0