date,gold,bit
2016-09-11,,621.65002
2016-09-12,1324.6,609.66998
2016-09-13,1323.65,610.91998
2016-09-14,1321.75,608.82001
2016-09-15,1310.8,610.38
2016-09-16,1308.35,609.10999
2016-09-17,,607.03998
2016-09-18,,611.58002
2016-09-19,1314.85,610.19
2016-09-20,1313.8,608.65997
2016-09-21,1326.1,598.88
2016-09-22,1339.1,597.41998
2016-09-23,1338.65,594.08002
2016-09-24,,603.88
2016-09-25,,601.73999
2016-09-26,1340.5,598.97998
2016-09-27,1327,605.96002
2016-09-28,1322.5,605.66998
2016-09-29,1318.1,603.84998
2016-09-30,1322.5,609.39001
2016-10-01,,614.82001
2016-10-02,,612.97998
2016-10-03,1313.3,611.84998
2016-10-04,1283.3,609.62
2016-10-05,1269.4,607.17999
2016-10-06,1254.5,612.08002
2016-10-07,1258.75,617.21002
2016-10-08,,614.73999
2016-10-09,,615.65002
2016-10-10,1259.5,617.53998
2016-10-11,1253.45,614.77002
2016-10-12,1256.5,635.01001
2016-10-13,1261.05,635.96002
2016-10-14,1251.75,634.02002
2016-10-15,,637.94
2016-10-16,,641.41998
2016-10-17,1254.8,638.96997
2016-10-18,1258.2,636.28998
2016-10-19,1269.05,629.25
2016-10-20,1271.65,627.71997
2016-10-21,1266.05,631.91998
2016-10-22,,655.47998
2016-10-23,,653.25
2016-10-24,1265.55,651.39001
2016-10-25,1269.4,655.31
2016-10-26,1270.5,651.45001
2016-10-27,1266.25,682.21997
2016-10-28,1273,687.67999
2016-10-29,,685.90997
2016-10-30,,698
2016-10-31,1272,702
2016-11-01,1288.45,697.01001
2016-11-02,1303.75,733.33002
2016-11-03,1301,686.16998
2016-11-04,1302.8,683.69
2016-11-05,,704.78998
2016-11-06,,712
2016-11-07,1283.05,709.96002
2016-11-08,1282.35,708.96997
2016-11-09,1281.4,720.92999
2016-11-10,1267.5,721.5
2016-11-11,1236.45,715.45001
2016-11-12,,703.71002
2016-11-13,,702.28003
2016-11-14,1213.6,706.46002
2016-11-15,1226.95,710.90997
2016-11-16,1229.2,711.72998
2016-11-17,1226.75,736.96002
2016-11-18,1211,747.52002
2016-11-19,,748.97998
2016-11-20,,729.06
2016-11-21,1214.25,738.53003
2016-11-22,1212.25,736.96997
2016-11-23,1185.35,741.63
2016-11-24,1186.1,737.45001
2016-11-25,1187.7,735.64001
2016-11-26,,733.66998
2016-11-27,,727.96002
2016-11-28,1187,727.31
2016-11-29,1186.55,732.71002
2016-11-30,1178.1,742.69
2016-12-01,1161.85,742.04999
2016-12-02,1173.5,772.42999
2016-12-03,,764.33002
2016-12-04,,762.96997
2016-12-05,1162.2,754.63
2016-12-06,1172.5,756.62
2016-12-07,1177.65,758.98999
2016-12-08,1171.05,769.71997
2016-12-09,1163.6,770.02002
2016-12-10,,769.08002
2016-12-11,,777
2016-12-12,1156.1,777
2016-12-13,1158.55,777.98999
2016-12-14,1162.25,774.89001
2016-12-15,1126.95,776.75
2016-12-16,1131.6,775.88
2016-12-17,,788.70001
2016-12-18,,788.40002
2016-12-19,1136.25,788.66998
2016-12-20,1125.7,793.09003
2016-12-21,1133.65,824.21002
2016-12-22,1131.35,834.96997
2016-12-23,,901.31
2016-12-24,,891.60999
2016-12-25,,892.59998
2016-12-26,,897.33002
2016-12-27,,930.37
2016-12-28,1134.6,930.34003
2016-12-29,1145.9,963.38
2016-12-30,,952.15002
2016-12-31,,958.12
2017-01-01,,997.71997
2017-01-02,,1015.97
2017-01-03,1151,1013.42
2017-01-04,1164.25,1126.76
2017-01-05,1176.7,994.66998
2017-01-06,1175.85,999.65002
2017-01-07,,896.83002
2017-01-08,,908.14001
2017-01-09,1178.5,910.48999
2017-01-10,1189.5,906.04999
2017-01-11,1178.55,785.21997
2017-01-12,1205.05,780.91998
2017-01-13,1190.35,826.28998
2017-01-14,,817.90997
2017-01-15,,819.54999
2017-01-16,1203,830.5
2017-01-17,1216.05,903.84003
2017-01-18,1214.75,906.59998
2017-01-19,1196.05,895.79889
2017-01-20,1200.55,893.62109
2017-01-21,,895.64001
2017-01-22,,918.60364
2017-01-23,1212.85,922.07361
2017-01-24,1216.8,919.96997
2017-01-25,1195,893.04565
2017-01-26,1189.7,915.95624
2017-01-27,1184.85,915.04999
2017-01-28,,920.31226
2017-01-29,,915.93298
2017-01-30,1192.8,912.19
2017-01-31,1212.8,964.70605
2017-02-01,1203.65,979.70386
2017-02-02,1221.95,983.41998
2017-02-03,1215.2,1013.027
2017-02-04,,1030.9994
2017-02-05,,1034.0699
2017-02-06,1226.75,1024.0138
2017-02-07,1231,1050.11
2017-02-08,1242.1,1052.84
2017-02-09,1236.8,976.10303
2017-02-10,1228.3,999.10352
2017-02-11,,997.59003
2017-02-12,,1000.6046
2017-02-13,1222.25,999.87738
2017-02-14,1230.75,1001.2
2017-02-15,1224.4,1012.326
2017-02-16,1240.55,1035.2081
2017-02-17,1241.95,1035.2
2017-02-18,,1056.6371
2017-02-19,,1052.7793
2017-02-20,1237.3,1050.87
2017-02-21,1233.2,1123.7885
2017-02-22,1236.65,1123.2231
2017-02-23,1247.9,1130.01
2017-02-24,1253.65,1174.8662
2017-02-25,,1150.6057
2017-02-26,,1150.37
2017-02-27,1257.2,1190.752
2017-02-28,1255.6,1187.5653
2017-03-01,1240.4,1190.89
2017-03-02,1238.1,1259.4108
2017-03-03,1226.5,1285.14
2017-03-04,,1287
2017-03-05,,1270.9333
2017-03-06,1230.95,1275.1974
2017-03-07,1216.65,1279.5
2017-03-08,1209.2,1157.3933
2017-03-09,1206.55,1192.4691
2017-03-10,1202.65,1192.09
2017-03-11,,1179.1599
2017-03-12,,1227.4946
2017-03-13,1204.2,1227.6801
2017-03-14,1204.6,1245.3707
2017-03-15,1198.8,1257.3997
2017-03-16,1229.35,1257
2017-03-17,1229.6,1091.1719
2017-03-18,,952.23236
2017-03-19,,967.69
2017-03-20,1232.4,1049.0845
2017-03-21,1241.6,1118.63
2017-03-22,1249.05,1113
2017-03-23,1247.5,1038.7889
2017-03-24,1247.5,941.91974
2017-03-25,,927.92999
2017-03-26,,956.78632
2017-03-27,1257.55,1037.2292
2017-03-28,1257.25,1041.04
2017-03-29,1251.1,1040.5754
2017-03-30,1248.8,1037.9045
2017-03-31,1244.85,1034.74
2017-04-01,,1086.9296
2017-04-02,,1099.1691
2017-04-03,1247.25,1079.99
2017-04-04,1257.65,1141.6003
2017-04-05,1245.8,1133.0793
2017-04-06,1252.5,1133.53
2017-04-07,1266.45,1190.4542
2017-04-08,,1181.1498
2017-04-09,,1184.03
2017-04-10,1250.05,1207.7449
2017-04-11,1252.9,1226.6171
2017-04-12,1274.3,1219.09
2017-04-13,1284.15,1180.0237
2017-04-14,,1185.26
2017-04-15,,1170.36
2017-04-16,,1186.9274
2017-04-17,,1205.6349
2017-04-18,1278.95,1176.97
2017-04-19,1279.05,1217.9301
2017-04-20,1282.1,1241.6863
2017-04-21,1281.85,1236.63
2017-04-22,,1261.3113
2017-04-23,,1257.9882
2017-04-24,1269.4,1240.84
2017-04-25,1267.8,1279.4147
2017-04-26,1261.85,1309.1099
2017-04-27,1262.8,1288.02
2017-04-28,1266.45,1331.2944
2017-04-29,,1334.979
2017-04-30,,1333
2017-05-01,,1417.1729
2017-05-02,1255.45,1452.0763
2017-05-03,1250.3,1447.55
2017-05-04,1228.45,1508.2921
2017-05-05,1228.05,1533.3351
2017-05-06,,1518.75
2017-05-07,,1535.8684
2017-05-08,1229.8,1640.6193
2017-05-09,1220.4,1651.1
2017-05-10,1222.95,1762.8862
2017-05-11,1223.15,1820.9906
2017-05-12,1231.25,1829
2017-05-13,,1771.92
2017-05-14,,1776.3165
2017-05-15,1233.3,1780
2017-05-16,1234.2,1739.032
2017-05-17,1257.4,1807.4851
2017-05-18,1255.9,1783.98
2017-05-19,1252,1961.5205
2017-05-20,,2052.9097
2017-05-21,,2008.84
2017-05-22,1258.85,2090.6624
2017-05-23,1260.2,2287.7102
2017-05-24,1252.55,2256.3201
2017-05-25,1256.95,2387.2063
2017-05-26,1265.05,2211.9768
2017-05-27,,2279.8201
2017-05-28,,2192.9807
2017-05-29,,2275.9307
2017-05-30,1262.7,2290.02
2017-05-31,1266.2,2285.9338
2017-06-01,1264.85,2399.2427
2017-06-02,1274.95,2409.9299
2017-06-03,,2525.7651
2017-06-04,,2516.1731
2017-06-05,1279.95,2529.53
2017-06-06,1293.5,2883.3137
2017-06-07,1291,2664.9209
2017-06-08,1273.1,2683.03
2017-06-09,1266.55,2827.4912
2017-06-10,,2845.3728
2017-06-11,,2898.6299
2017-06-12,1266.4,2657.675
2017-06-13,1262,2748.1851
2017-06-14,1275.5,2706
2017-06-15,1254.55,2442.4802
2017-06-16,1255.4,2464.9597
2017-06-17,,2477.9399
2017-06-18,,2507.3892
2017-06-19,1248.15,2617.2102
2017-06-20,1242.2,2600
2017-06-21,1242.5,2671.0432
2017-06-22,1250.8,2727.2881
2017-06-23,1255.7,2713.48
2017-06-24,,2589.1648
2017-06-25,,2512.3662
2017-06-26,1245.25,2502.03
2017-06-27,1249.55,2517.9031
2017-06-28,1248,2585.3491
2017-06-29,1243.5,2558.3
2017-06-30,1242.25,2477.6414
2017-07-01,,2501.1914
2017-07-02,,2421.26
2017-07-03,1229.25,2561.2253
2017-07-04,1223.75,2599.7297
2017-07-05,1220.3,2598.8899
2017-07-06,1224.9,2609.9678
2017-07-07,1215.65,2491.2012
2017-07-08,,2502.8601
2017-07-09,,2536.239
2017-07-10,1211.9,2366.1702
2017-07-11,1211.05,2327.0901
2017-07-12,1218.8,2385.7485
2017-07-13,1218.9,2354.7834
2017-07-14,1230.3,2338.49
2017-07-15,,2058.9956
2017-07-16,,1931.2144
2017-07-17,1234.1,1910.96
2017-07-18,1240.75,2320.1223
2017-07-19,1242.15,2264.7656
2017-07-20,1238.7,2265.21
2017-07-21,1248.55,2682.1953
2017-07-22,,2807.6099
2017-07-23,,2825.51
2017-07-24,1255.55,2751.821
2017-07-25,1254.4,2560.9978
2017-07-26,1248.1,2564.3
2017-07-27,1261.1,2647.625
2017-07-28,1264.9,2781.6365
2017-07-29,,2784.8
2017-07-30,,2745.9553
2017-07-31,1267.55,2866.4316
2017-08-01,1270.95,2862.8999
2017-08-02,1269.6,2693.634
2017-08-03,1268.1,2794.1177
2017-08-04,1257.7,2790
2017-08-05,,3218.115
2017-08-06,,3252.5625
2017-08-07,1258,3210.2
2017-08-08,1261.8,3457.3743
2017-08-09,1271.05,3357.3264
2017-08-10,1284.4,3340.28
2017-08-11,1286.1,3632.5066
2017-08-12,,3852.803
2017-08-13,,3868.52
2017-08-14,1282.3,4282.9922
2017-08-15,1270.3,4217.0283
2017-08-16,1272.75,4179.9702
2017-08-17,1285.15,4328.7256
2017-08-18,1295.8,4130.4399
2017-08-19,,4104.71
2017-08-20,,4157.958
2017-08-21,1292.9,4043.7219
2017-08-22,1284.2,3986.28
2017-08-23,1286.65,4174.9502
2017-08-24,1289,4340.3169
2017-08-25,1285.3,4331.77
2017-08-26,,4360.5132
2017-08-27,,4354.3081
2017-08-28,,4339.0498
2017-08-29,1318.65,4607.9854
2017-08-30,1308.5,4594.9878
2017-08-31,1311.75,4582.52
2017-09-01,1320.4,4911.7402
2017-09-02,,4580.3877
2017-09-03,,4585.5698
2017-09-04,1333.1,4344.0981
2017-09-05,1335.55,4488.7202
2017-09-06,1337.85,4385.02
2017-09-07,1343.5,4654.6587
2017-09-08,1346.25,4310.75
2017-09-09,,4312.2598
2017-09-10,,4329.9551
2017-09-11,1334.2,4248.0898
2017-09-12,1326.5,4198.5898
2017-09-13,1327.55,3961.2712
2017-09-14,1324.55,3319.6299
2017-09-15,1322.85,3216.4299
2017-09-16,,3763.626
2017-09-17,,3746.0608
2017-09-18,1312.1,3678.53
2017-09-19,1309.6,3943.4133
2017-09-20,1311.3,3977.5618
2017-09-21,1292.1,3894.48
2017-09-22,1294.8,3637.5024
2017-09-23,,3776.387
2017-09-24,,3777.6201
2017-09-25,1293.3,3942.5549
2017-09-26,1300.05,3910.3074
2017-09-27,1282.55,3881
2017-09-28,1283.35,4201.9893
2017-09-29,1283.1,4193.5747
2017-09-30,,4164.27
2017-10-01,,4360.7231
2017-10-02,1273.7,4386.8838
2017-10-03,1271.25,4394.0698
2017-10-04,1274.25,4225.1748
2017-10-05,1274.5,4338.8521
2017-10-06,1261.8,4318.5801
2017-10-07,,4376.1919
2017-10-08,,4602.2808
2017-10-09,1278.75,4605.6602
2017-10-10,1291.4,4782.2798
2017-10-11,1289.25,4819.4858
2017-10-12,1290.25,4822.1699
2017-10-13,1299.6,5563.8066
2017-10-14,,5739.439
2017-10-15,,5825.9902
2017-10-16,1303.3,5711.2061
2017-10-17,1284.75,5603.7129
2017-10-18,1280.2,5594.6602
2017-10-19,1286.4,5727.6333
2017-10-20,1281.2,5979.46
2017-10-21,,5986.4399
2017-10-22,,5983.1846
2017-10-23,1274.9,5876.0801
2017-10-24,1276.45,5900.5898
2017-10-25,1275,5669.6226
2017-10-26,1273.75,5893.1382
2017-10-27,1266.45,5889.8198
2017-10-28,,5776.6968
2017-10-29,,6155.4341
2017-10-30,1272,6136.4902
2017-10-31,1270.15,6388.645
2017-11-01,1277.05,6665.3066
2017-11-02,1279.2,6751.98
2017-11-03,1267.2,7197.7202
2017-11-04,,7437.5435
2017-11-05,,7365.9902
2017-11-06,1270.9,6989.0718
2017-11-07,1275.6,7092.1274
2017-11-08,1284,7128.6401
2017-11-09,1284.8,7158.0371
2017-11-10,1284.3,6719.3979
2017-11-11,,6569.2202
2017-11-12,,5716.3018
2017-11-13,1277.95,6550.2275
2017-11-14,1274.6,6493.6299
2017-11-15,1282.2,7301.4297
2017-11-16,1280,7815.0308
2017-11-17,1284.35,7868.77
2017-11-18,,7817.1406
2017-11-19,,8007.6543
2017-11-20,1286.2,8049.7202
2017-11-21,1283.3,8059.7998
2017-11-22,1286.95,8268.0352
2017-11-23,1290.35,8236.7197
2017-11-24,1290.5,8250.9785
2017-11-25,,8707.4072
2017-11-26,,8768.7998
2017-11-27,1294.9,9718.2949
2017-11-28,1291.85,9952.5088
2017-11-29,1283.85,9919
2017-11-30,1280.2,10147.372
2017-12-01,1275.5,10883.912
2017-12-02,,10879.88
2017-12-03,,11332.622
2017-12-04,1273.45,11584.83
2017-12-05,1266.3,11591.22
2017-12-06,1263.7,13540.98
2017-12-07,1255,16501.971
2017-12-08,1250.65,16860.881
2017-12-09,,15142.834
2017-12-10,,14869.805
2017-12-11,1247.15,15068.95
2017-12-12,1240.9,17276.393
2017-12-13,1242.65,16808.367
2017-12-14,1251,16252.31
2017-12-15,1254.6,17771.9
2017-12-16,,19498.684
2017-12-17,,19279.9
2017-12-18,1260.6,18961.857
2017-12-19,1260.35,17737.111
2017-12-20,1264.55,17382.939
2017-12-21,1264.55,16047.51
2017-12-22,,15190.945
2017-12-23,,13776.61
2017-12-24,,13949.175
2017-12-25,,14119.028
2017-12-26,,13740.94
2017-12-27,1279.4,15589.321
2017-12-28,1291,14380.582
2017-12-29,,14214.01
2017-12-30,,13215.574
2017-12-31,,14165.575
2018-01-01,,13796
2018-01-02,1312.05,15005.856
2018-01-03,1314.9,15053.262
2018-01-04,1314.5,15039.24
2018-01-05,1317.15,17174.119
2018-01-06,,17319.197
2018-01-07,,17155.949
2018-01-08,1319.95,15265.906
2018-01-09,1311,14714.253
2018-01-10,1319.75,14437.42
2018-01-11,1323.05,13296.794
2018-01-12,1326.8,13912.882
2018-01-13,,13791.19
2018-01-14,,13852.92
2018-01-15,1339.25,14012.196
2018-01-16,1333.85,13554.14
2018-01-17,1335.65,11116.946
2018-01-18,1332.2,11345.423
2018-01-19,1334.95,11174.82
2018-01-20,,12950.793
2018-01-21,,11505.228
2018-01-22,1332.6,11513.42
2018-01-23,1333.4,11223.064
2018-01-24,1353.7,11282.259
2018-01-25,1354.95,11392.03
2018-01-26,1353.15,10969.815
2018-01-27,,11524.776
2018-01-28,,11431.37
2018-01-29,1343.85,11212.655
2018-01-30,1344.9,10184.062
2018-01-31,1345.05,10082.52
2018-02-01,1341.35,9083.2588
2018-02-02,1331.15,8901.9014
2018-02-03,,8852.7305
2018-02-04,,8400.6484
2018-02-05,1333.6,6838.8169
2018-02-06,1331.4,6925.46
2018-02-07,1324.65,8099.9585
2018-02-08,1315.45,8240.5371
2018-02-09,1314.1,8245.0801
2018-02-10,,8319.877
2018-02-11,,8343.4551
2018-02-12,1322.3,8068.02
2018-02-13,1325.35,8597.7676
2018-02-14,1336.25,9334.6338
2018-02-15,1352.45,9471.6396
2018-02-16,1352.1,10127.162
2018-02-17,,10841.991
2018-02-18,,11085.83
2018-02-19,1346.6,11110.965
2018-02-20,1339.85,11390.392
2018-02-21,1330.5,11245.98
2018-02-22,1328.35,9931.0713
2018-02-23,1327.95,10162.116
2018-02-24,,10171.3
2018-02-25,,9696.5938
2018-02-26,1333.5,10348.604
2018-02-27,1325.75,10319.46
2018-02-28,1317.85,10370.165
2018-03-01,1307.75,11009.382
2018-03-02,1322.3,10931.12
2018-03-03,,11326.948
2018-03-04,,11430.182
2018-03-05,1320.4,11516.83
2018-03-06,1331.4,10763.198
2018-03-07,1329.4,10118.058
2018-03-08,1321,9920.46
2018-03-09,1320.6,9089.2783
2018-03-10,,8746.002
2018-03-11,,8777.3701
2018-03-12,1319.15,9182.8438
2018-03-13,1322.75,9154.7002
2018-03-14,1323.55,9153.54
2018-03-15,1318.75,8358.1221
2018-03-16,1310.1,8530.4023
2018-03-17,,8297.8896
2018-03-18,,8171.415
2018-03-19,1312.4,8412.0332
2018-03-20,1311,8605.6396
2018-03-21,1321.35,8947.7529
2018-03-22,1329.15,8690.4082
2018-03-23,1346.6,8725.3701
2018-03-24,,8662.3779
2018-03-25,,8617.2969
2018-03-26,1352.4,8457.96
2018-03-27,1341.45,7876.1948
2018-03-28,1332.45,7960.3799
2018-03-29,1323.85,7950.6099
2018-03-30,,6882.5317
2018-03-31,,6935.48
2018-04-01,,6937.5601
2018-04-02,,7035.8481
2018-04-03,1333.45,7410.4351
2018-04-04,1337.3,7426.48
2018-04-05,1327.7,6826.5098
2018-04-06,1331.2,6603.8765
2018-04-07,,6634.6802
2018-04-08,,7017.6567
2018-04-09,1331.95,6699.2734
2018-04-10,1338.95,6784.4102
2018-04-11,1350.75,6926.2666
2018-04-12,1341.35,7847.8452
2018-04-13,1343.7,7941.46
2018-04-14,,8036.5112
2018-04-15,,8340.748
2018-04-16,1349.35,8368.0996
2018-04-17,1342.1,7895.417
2018-04-18,1351.45,8164.9375
2018-04-19,1348.6,8175.96
2018-04-20,1336.75,8852.7188
2018-04-21,,8807.2051
2018-04-22,,8930.5996
2018-04-23,1324.3,8933.8613
2018-04-24,1328.85,9555.542
2018-04-25,1321.65,9658.1104
2018-04-26,1320.7,9258.3984
2018-04-27,1321.5,9010.3203
2018-04-28,,8928.5498
2018-04-29,,9334.2813
2018-04-30,1313.2,9259.5703
2018-05-01,1307.1,9239.5498
2018-05-02,1304.2,9221.4258
2018-05-03,1315.05,9639.2686
2018-05-04,1309.4,9753.3496
2018-05-05,,9803.3066
2018-05-06,,9630.1367
2018-05-07,,9631.4404
2018-05-08,1306.6,9228.6084
2018-05-09,1313.85,9322.042
2018-05-10,1318.8,9310.3701
2018-05-11,1324.35,8468.7881
2018-05-12,,8484.3467
2018-05-13,,8463.5195
2018-05-14,1319.85,8652.0381
2018-05-15,1295,8511.458
2018-05-16,1291.25,8471.0596
2018-05-17,1289.5,8106.1182
2018-05-18,1288.3,8240.0547
2018-05-19,,8239.0801
2018-05-20,,8507.4063
2018-05-21,1288.35,8385.5566
2018-05-22,1293.05,8396.6299
2018-05-23,1289,7555.7402
2018-05-24,1304.85,7566.1934
2018-05-25,1303.5,7576.7798
2018-05-26,,7342.9082
2018-05-27,,7361.8315
2018-05-28,,7344.5601
2018-05-29,1295.5,7459.8765
2018-05-30,1300.7,7385.395
2018-05-31,1305.35,7386.7202
2018-06-01,1294.6,7535.1465
2018-06-02,,7645.1465
2018-06-03,,7637.1401
2018-06-04,1295.45,7500.2734
2018-06-05,1292.05,7615.7222
2018-06-06,1300.1,7619.4302
2018-06-07,1297.25,7676.2715
2018-06-08,1298.25,7620.1533
2018-06-09,,7615.54
2018-06-10,,6776.8882
2018-06-11,1299.6,6875.6782
2018-06-12,1298.65,6879.3101
2018-06-13,1296.15,6315.7002
2018-06-14,1302.75,6647.0132
2018-06-15,1285.25,6637.4102
2018-06-16,,6509.4268
2018-06-17,,6464.4116
2018-06-18,1281.55,6445.79
2018-06-19,1276.15,6737
2018-06-20,1274.2,6714.7183
2018-06-21,1266.15,6760.8301
2018-06-22,1269.15,6332.5732
2018-06-23,,6141.606
2018-06-24,,6170.46
2018-06-25,1268.7,6211.4473
2018-06-26,1260.3,6218.5952
2018-06-27,1254.6,6097.46
2018-06-28,1251.55,6107.896
2018-06-29,1250.45,5908.7026
2018-06-30,,6223.2798
2018-07-01,,6374.7544
2018-07-02,1247.8,6466.0693
2018-07-03,1251.75,6626.4399
2018-07-04,1255.65,6593.2891
2018-07-05,1255.5,6603.3765
2018-07-06,1255.35,6555.5098
2018-07-07,,6594.2817
2018-07-08,,6753.5591
2018-07-09,1262.05,6724.04
2018-07-10,1254,6510.7915
2018-07-11,1251.4,6377.3633
2018-07-12,1245.9,6403.1802
2018-07-13,1241.7,6244.3574
2018-07-14,,6241
2018-07-15,,6248.8398
2018-07-16,1241.1,6514.3906
2018-07-17,1232.8,6869.9106
2018-07-18,1224.5,7321.6201
2018-07-19,1217.55,7396.4019
2018-07-20,1228.75,7428.0449
2018-07-21,,7334.9902
2018-07-22,,7451.2891
2018-07-23,1224.95,7689.8843
2018-07-24,1228.35,7715.1001
2018-07-25,1231.5,8251.165
2018-07-26,1228.25,8187.3242
2018-07-27,1223.95,7939.8101
2018-07-28,,8182.2515
2018-07-29,,8206.3418
2018-07-30,1223.8,8220.9102
2018-07-31,1220.95,7916.8008
2018-08-01,1219,7570.8691
2018-08-02,1215.45,7607.7002
2018-08-03,1216.3,7394.499
2018-08-04,,7247.769
2018-08-05,,7011.2798
2018-08-06,1209.65,6988.0791
2018-08-07,1212.35,6993.5132
2018-08-08,1209.55,6718.23
2018-08-09,1214.35,6396.7725
2018-08-10,1214.4,6396.4946
2018-08-11,,6138.96
2018-08-12,,6311.1318
2018-08-13,1200.35,6347.0698
2018-08-14,1197,6252.1299
2018-08-15,1182,6362.6768
2018-08-16,1180.4,6342.6294
2018-08-17,1178.4,6312.75
2018-08-18,,6436.7207
2018-08-19,,6404.0635
2018-08-20,1184.35,6486.5801
2018-08-21,1190.95,6401.2461
2018-08-22,1196.65,6575.229
2018-08-23,1192.35,6354.5698
2018-08-24,1197.7,6543.6455
2018-08-25,,6719.4292
2018-08-26,,6738.27
2018-08-27,,6719.2661
2018-08-28,1212.25,7000.04
2018-08-29,1204.2,7078.1899
2018-08-30,1197.3,6932.6626
2018-08-31,1202.45,6981.9463
2018-09-01,,7018.7798
2018-09-02,,7247.9355
2018-09-03,1200.05,7260.9492
2018-09-04,1190.85,7265.0801
2018-09-05,1196.7,7113.0693
2018-09-06,1205.15,6433.2715
2018-09-07,1198.9,6501.1899
2018-09-08,,6366.1074
2018-09-09,,6286.4258
2018-09-10,1196.6,6240.98
2018-09-11,1189.85,6296.3208
2018-09-12,1195.6,6273.1377
2018-09-13,1209.8,6326.04
2018-09-14,1201.95,6499.0625
2018-09-15,,6518.6548
2018-09-16,,6522.3901
2018-09-17,1201.9,6400.6011
2018-09-18,1200.2,6296.6318
2018-09-19,1203.3,6342.3901
2018-09-20,1208.35,6418.5625
2018-09-21,1198.7,6669.9907
2018-09-22,,6756.1201
2018-09-23,,6710.4448
2018-09-24,1202.75,6639.3042
2018-09-25,1201.9,6583.4502
2018-09-26,1194.25,6468.6318
2018-09-27,1185.4,6535.4766
2018-09-28,1187.25,6686.0801
2018-09-29,,6550.4741
2018-09-30,,6593.1348
2018-10-01,1189.35,6611.02
2018-10-02,1204.7,6562.6416
2018-10-03,1201.2,6470.4023
2018-10-04,1203.45,6483.73
2018-10-05,1203.8,6568.5493
2018-10-06,,6581.4868
2018-10-07,,6573.6201
2018-10-08,1186.95,6618.5679
2018-10-09,1185.55,6621.7114
2018-10-10,1188.6,6626.8501
2018-10-11,1205.55,6248.6357
2018-10-12,1219.75,6260.5308
2018-10-13,,6247
2018-10-14,,6299.3989
2018-10-15,1229.95,6452.5718
2018-10-16,1230.7,6599.1699
2018-10-17,1229.05,6596.2764
2018-10-18,1223,6568.0405
2018-10-19,1227.85,6509.6099
2018-10-20,,6488.8257
2018-10-21,,6531.6016
2018-10-22,1222.3,6504.7798
2018-10-23,1235.95,6481.4258
2018-10-24,1230.55,6508.3101
2018-10-25,1230.8,6489.77
2018-10-26,1233.85,6473.7534
2018-10-27,,6465.9175
2018-10-28,,6457.21
2018-10-29,1230.8,6382.6685
2018-10-30,1225.4,6309.4526
2018-10-31,1214.95,6301.6099
2018-11-01,1231.15,6342.2808
2018-11-02,1232.1,6387.6743
2018-11-03,,6390.4199
2018-11-04,,6391.8735
2018-11-05,1232.25,6436.9648
2018-11-06,1231.6,6437.7598
2018-11-07,1229.95,6538.79
2018-11-08,1224.15,6486.2515
2018-11-09,1211.4,6444.9702
2018-11-10,,6399.0332
2018-11-11,,6378.2686
2018-11-12,1205.55,6408.5298
2018-11-13,1202.1,6372.0635
2018-11-14,1203.25,6176.1548
2018-11-15,1211.85,5756.77
2018-11-16,1222.4,5596.1924
2018-11-17,,5558.2432
2018-11-18,,5572.4399
2018-11-19,1221.6,5303.9424
2018-11-20,1223,4671.9702
2018-11-21,1226.1,4491.98
2018-11-22,1227.05,4548.7974
2018-11-23,1223.65,4309.3374
2018-11-24,,4352.98
2018-11-25,,3823.5117
2018-11-26,1223.4,3920.5366
2018-11-27,1221.2,3793.3501
2018-11-28,1213.25,4103.4536
2018-11-29,1226.25,4263.7832
2018-11-30,1217.55,4278.77
2018-12-01,,4116.7773
2018-12-02,,4167.5469
2018-12-03,1230.3,4140.6001
2018-12-04,1240.3,3961.4934
2018-12-05,1235.9,3858.3491
2018-12-06,1242.55,3744.98
2018-12-07,1243.3,3405.6433
2018-12-08,,3435.3401
2018-12-09,,3453.6599
2018-12-10,1245.35,3523.96
2018-12-11,1245.3,3426.1899
2018-12-12,1245.75,3407.28
2018-12-13,1242.75,3406.7625
2018-12-14,1235.35,3278.3743
2018-12-15,,3242.4199
2018-12-16,,3271.2383
2018-12-17,1241.65,3392.405
2018-12-18,1246.3,3556.54
2018-12-19,1255,3808.0425
2018-12-20,1259.75,3982.8508
2018-12-21,1258.15,4135.1899
2018-12-22,,3910.9734
2018-12-23,,4027.4783
2018-12-24,,3995.1699
2018-12-25,,3813.8799
2018-12-26,,3825.3792
2018-12-27,1268,3848.21
2018-12-28,1279,3743.905
2018-12-29,,3912.2859
2018-12-30,,3770.3601
2018-12-31,,3791.5459
2019-01-01,,3752.2717
2019-01-02,1282.9,3855.8799
2019-01-03,1290.45,3865.7976
2019-01-04,1279.9,3822.6267
2019-01-05,,3856.6201
2019-01-06,,3920.4568
2019-01-07,1292.2,4036.0933
2019-01-08,1286.45,4032.25
2019-01-09,1288.6,4034.1384
2019-01-10,1291.9,3812.5859
2019-01-11,1288.95,3646.25
2019-01-12,,3646.3459
2019-01-13,,3599.8416
2019-01-14,1292.75,3531.96
2019-01-15,1294.4,3656.7849
2019-01-16,1292.3,3621.2708
2019-01-17,1290.7,3621.4299
2019-01-18,1284.2,3632.395
2019-01-19,,3690.5234
2019-01-20,,3703.98
2019-01-21,1279.55,3548.4275
2019-01-22,1282.1,3540.02
2019-01-23,1279.8,3587.3501
2019-01-24,1283.7,3566.3999
2019-01-25,1293.9,3586.25
2019-01-26,,3577.79
2019-01-27,,3576.3
2019-01-28,1302.15,3554.5
2019-01-29,1307.55,3448.5801
2019-01-30,1310.7,3421.6001
2019-01-31,1323.25,3470
2019-02-01,1318.7,3444.8101
2019-02-02,,3475.3301
2019-02-03,,3506.22
2019-02-04,1312.15,3456.02
2019-02-05,1314.2,3452.3501
2019-02-06,1312.4,3467.3401
2019-02-07,1310,3405.7
2019-02-08,1314.85,3394.76
2019-02-09,,3661.0801
2019-02-10,,3664.3799
2019-02-11,1306.4,3686.29
2019-02-12,1310,3629.47
2019-02-13,1312.8,3632.4199
2019-02-14,1311.45,3614.5
2019-02-15,1316.55,3600.3101
2019-02-16,,3608.2
2019-02-17,,3619.55
2019-02-18,1325.5,3670.74
2019-02-19,1334.15,3910.8
2019-02-20,1343.75,3926.53
2019-02-21,1331.25,3987.1799
2019-02-22,1329.05,3944.8799
2019-02-23,,3983.48
2019-02-24,,4139.6001
2019-02-25,1331.05,3766.8899
2019-02-26,1325.05,3848.3301
2019-02-27,1322.85,3831.45
2019-02-28,1319.15,3833.23
2019-03-01,1311.95,3850.0801
2019-03-02,,3834.6201
2019-03-03,,3831.4399
2019-03-04,1285.4,3814.5801
2019-03-05,1283.8,3730.98
2019-03-06,1285.85,3872.25
2019-03-07,1285.3,3876.8501
2019-03-08,1296.75,3886.8201
2019-03-09,,3875.96
2019-03-10,,3950.5601
2019-03-11,1292.75,3928.1699
2019-03-12,1297.05,3881.0901
2019-03-13,1306.95,3892.51
2019-03-14,1295.55,3877.77
2019-03-15,1303.5,3885.21
2019-03-16,,3936.5
2019-03-17,,4015.95
2019-03-18,1305.6,3994.9199
2019-03-19,1307.7,3998.77
2019-03-20,1303.7,4029.1101
2019-03-21,1309.6,4056.3999
2019-03-22,1311.3,3992.3401
2019-03-23,,3999.0601
2019-03-24,,4011.9199
2019-03-25,1319.55,3994.1101
2019-03-26,1316.3,3935.8899
2019-03-27,1309.7,3947.74
2019-03-28,1295.15,4048.51
2019-03-29,1295.4,4037.3701
2019-03-30,,4115.5498
2019-03-31,,4114.4399
2019-04-01,1293.5,4114.1602
2019-04-02,1290.3,4152.5298
2019-04-03,1290.45,4882.8799
2019-04-04,1283.15,4959.8101
2019-04-05,1288.45,4911.2402
2019-04-06,,5028.77
2019-04-07,,5053.52
2019-04-08,1300,5189.3901
2019-04-09,1303,5268.71
2019-04-10,1305.45,5175.8101
2019-04-11,1298.8,5310.1802
2019-04-12,1294.3,5035.02
2019-04-13,,5072.8501
2019-04-14,,5064.6201
2019-04-15,1285.65,5152.5098
2019-04-16,1276.35,5036.1802
2019-04-17,1275.85,5196.6499
2019-04-18,1275.7,5220.3701
2019-04-19,,5276.3101
2019-04-20,,5277.04
2019-04-21,,5309.2798
2019-04-22,,5281.8301
2019-04-23,1269.5,5377.1899
2019-04-24,1271.65,5518.1602
2019-04-25,1280.8,5434.1899
2019-04-26,1284.2,5195.6099
2019-04-27,,5292.8301
2019-04-28,,5280.1899
2019-04-29,1279.5,5301.29
2019-04-30,1282.3,5260.6499
2019-05-01,1283.8,5269.79
2019-05-02,1270.95,5326.6699
2019-05-03,1278.55,5390.1602
2019-05-04,,5657.1401
2019-05-05,,5771.0801
2019-05-06,,5717.6602
2019-05-07,1281.2,5684.4702
2019-05-08,1285.2,5755.7202
2019-05-09,1286.1,5936.7202
2019-05-10,1287.1,6146.9102
2019-05-11,,6348.02
2019-05-12,,7248.3101
2019-05-13,1295.6,6978.6299
2019-05-14,1298.4,7823.1099
2019-05-15,1299.1,7992.6899
2019-05-16,1291.7,8206.9004
2019-05-17,1280.8,7885.96
2019-05-18,,7362.2202
2019-05-19,,7265.0498
2019-05-20,1276.85,8193.7002
2019-05-21,1271.15,8007.0298
2019-05-22,1273.8,7952.5
2019-05-23,1283.65,7625.9302
2019-05-24,1282.5,7880.29
2019-05-25,,8003.2598
2019-05-26,,8071.4502
2019-05-27,,8744.4199
2019-05-28,1278.3,8770.0596
2019-05-29,1281.65,8719.8799
2019-05-30,1280.95,8662.9805
2019-05-31,1295.55,8272.46
2019-06-01,,8553.8096
2019-06-02,,8554.7998
2019-06-03,1317.1,8739.0303
2019-06-04,1324.25,8134.9199
2019-06-05,1335.05,7675.7998
2019-06-06,1335.5,7786.04
2019-06-07,1340.65,7803.23
2019-06-08,,7998.29
2019-06-09,,7931.3398
2019-06-10,1328.6,7640.6099
2019-06-11,1324.3,8020.3799
2019-06-12,1332.35,7917.5801
2019-06-13,1335.9,8173.0601
2019-06-14,1351.25,8237.8799
2019-06-15,,8693.5996
2019-06-16,,8859.4697
2019-06-17,1341.3,8978.9902
2019-06-18,1341.35,9327.4805
2019-06-19,1344.05,9076.1797
2019-06-20,1379.5,9281.7002
2019-06-21,1397.15,9531.3496
2019-06-22,,10209.38
2019-06-23,,10668.63
2019-06-24,1405.7,10814.48
2019-06-25,1431.4,11017.5
2019-06-26,1403.95,11766.4
2019-06-27,1402.5,12932.55
2019-06-28,1409,11132.85
2019-06-29,,12374.35
2019-06-30,,11890.38
2019-07-01,1390.1,10737.73
2019-07-02,1391.05,10578.72
2019-07-03,1413.5,10805.4
2019-07-04,1414.9,11984.76
2019-07-05,1388.65,11160.49
2019-07-06,,10955.16
2019-07-07,,11232.04
2019-07-08,1400.1,11477.01
2019-07-09,1391.55,12313.08
2019-07-10,1408.3,12586.78
2019-07-11,1413.75,12099.9
2019-07-12,1407.6,11352.87
2019-07-13,,11803.97
2019-07-14,,11389.1
2019-07-15,1412.4,10186.96
2019-07-16,1409.85,10873.5
2019-07-17,1410.35,9397.7197
2019-07-18,1417.45,9674.2803
2019-07-19,1439.7,10638.56
2019-07-20,,10535.75
2019-07-21,,10764.9
2019-07-22,1427.75,10587.41
2019-07-23,1425.55,10323.62
2019-07-24,1426.95,9844.2998
2019-07-25,1416.1,9772.1699
2019-07-26,1420.4,9875.1699
2019-07-27,,9848.6504
2019-07-28,,9473.9902
2019-07-29,1419.05,9530
2019-07-30,1425.9,9501.3301
2019-07-31,1427.55,9589.1299
2019-08-01,1406.8,10084.7
2019-08-02,1441.75,10407.17
2019-08-03,,10529.55
2019-08-04,,10814.57
2019-08-05,1465.25,10980.23
2019-08-06,1465.25,11787.99
2019-08-07,1506.05,11465.67
2019-08-08,1495.75,11960.82
2019-08-09,1497.7,11996.41
2019-08-10,,11856.64
2019-08-11,,11282.22
2019-08-12,1504.7,11566.84
2019-08-13,1498.4,11386.26
2019-08-14,1513.25,10858.12
2019-08-15,1515.65,10016.96
2019-08-16,1515.25,10302.17
2019-08-17,,10359.44
2019-08-18,,10214.52
2019-08-19,1496.6,10317.6
2019-08-20,1504.55,10917.26
2019-08-21,1503.25,10760.56
2019-08-22,1502.05,10129.4
2019-08-23,1503.8,10111.98
2019-08-24,,10405.81
2019-08-25,,10143.8
2019-08-26,,10135.06
2019-08-27,1532.95,10360.28
2019-08-28,1537.15,10171.95
2019-08-29,1540.2,9717.8203
2019-08-30,1528.4,9484.5498
2019-08-31,,9577.9902
2019-09-01,,9600.9004
2019-09-02,1525.95,9769.79
2019-09-03,1537.85,10386.64
2019-09-04,1546.1,10621.29
2019-09-05,1529.1,10584.16
2019-09-06,1523.7,10577.8
2019-09-07,,10317.47
2019-09-08,,10487.21
2019-09-09,1509.2,10406.31
2019-09-10,1498.25,10313.66
2019-09-11,1490.65,10101.03
2019-09-12,1515.2,10159.32
2019-09-13,1503.1,10420.16
2019-09-14,,10363.9
2019-09-15,,10361.33
2019-09-16,1497.2,10310.43
2019-09-17,1502.1,10265.63
2019-09-18,1503.5,10190.36
2019-09-19,1500.7,10157.59
2019-09-20,1501.9,10275.88
2019-09-21,,10173.11
2019-09-22,,9979.4902
2019-09-23,1522.1,10033.05
2019-09-24,1520.65,9683.3799
2019-09-25,1528.75,8553.6104
2019-09-26,1506.4,8432.2305
2019-09-27,1489.9,8055.6401
2019-09-28,,8193.9004
2019-09-29,,8225
2019-09-30,1485.3,8056.7402
2019-10-01,1473.45,8307.7402
2019-10-02,1492.6,8322.9199
2019-10-03,1517.1,8382.0303
2019-10-04,1499.15,8236.1699
2019-10-05,,8155.48
2019-10-06,,8147.6899
2019-10-07,1501.25,7869.7402
2019-10-08,1505.85,8212.0195
2019-10-09,1507.25,8190
2019-10-10,1494.8,8587.9199
2019-10-11,1479.15,8586.9004
2019-10-12,,8269.7305
2019-10-13,,8308.0098
2019-10-14,1490.6,8283.7598
2019-10-15,1487.8,8353.54
2019-10-16,1485.1,8162.1602
2019-10-17,1492.65,8002.5098
2019-10-18,1490,8076.7798
2019-10-19,,7954.1499
2019-10-20,,7960.04
2019-10-21,1491.65,8231.0596
2019-10-22,1485.35,8222.5195
2019-10-23,1494.45,8026.7598
2019-10-24,1496.55,7469.5601
2019-10-25,1513.45,7431.8799
2019-10-26,,8666.79
2019-10-27,,9259.7998
2019-10-28,1492.4,9551.54
2019-10-29,1486.75,9218.7598
2019-10-30,1492.1,9433.3496
2019-10-31,1510.95,9164.6201
2019-11-01,1508.8,9147.9805
2019-11-02,,9252.9902
2019-11-03,,9301.1797
2019-11-04,1509.45,9206.1602
2019-11-05,1488.95,9418.0498
2019-11-06,1486.05,9310.1904
2019-11-07,1484.25,9343.3398
2019-11-08,1464.15,9204.2402
2019-11-09,,8766.04
2019-11-10,,8809.4102
2019-11-11,1458.7,9037.1201
2019-11-12,1452.05,8717.8096
2019-11-13,1462.9,8801.5195
2019-11-14,1466.65,8762.4199
2019-11-15,1466.9,8632.3203
2019-11-16,,8457.6904
2019-11-17,,8482.7002
2019-11-18,1467.65,8503.9297
2019-11-19,1468.45,8175.9902
2019-11-20,1471.7,8120.7998
2019-11-21,1467.05,8081.8101
2019-11-22,1464.45,7617.0698
2019-11-23,,7286.3501
2019-11-24,,7324.0298
2019-11-25,1458.4,6907.3999
2019-11-26,1454.65,7130.25
2019-11-27,1454.35,7163.6299
2019-11-28,1454.65,7523.8301
2019-11-29,1460.15,7431
2019-11-30,,7757.4702
2019-12-01,,7557.7202
2019-12-02,1461.15,7402.6899
2019-12-03,1477.3,7309.5898
2019-12-04,1475.1,7296.77
2019-12-05,1475.95,7192.8501
2019-12-06,1459.65,7395.9702
2019-12-07,,7547.1899
2019-12-08,,7504.8301
2019-12-09,1461.7,7522.3901
2019-12-10,1464.95,7337.4199
2019-12-11,1466.8,7220.7598
2019-12-12,1467.8,7202.3101
2019-12-13,1466.6,7189.1602
2019-12-14,,7251.8701
2019-12-15,,7067.7402
2019-12-16,1477.9,7111.1401
2019-12-17,1475.8,6879.54
2019-12-18,1474.05,6612.1201
2019-12-19,1476.7,7284.29
2019-12-20,1479,7150.8599
2019-12-21,,7190.1699
2019-12-22,,7143.2002
2019-12-23,1482.1,7514.4102
2019-12-24,,7322.0801
2019-12-25,,7250.6899
2019-12-26,,7192.7202
2019-12-27,1511.5,7194.3999
2019-12-28,,7243.9302
2019-12-29,,7301.0698
2019-12-30,1514.75,7385.3599
2019-12-31,,7219.6001
2020-01-01,,7168.3101
2020-01-02,1527.1,7175.6802
2020-01-03,1548.75,6944.3301
2020-01-04,,7326.3501
2020-01-05,,7347.8901
2020-01-06,1573.1,7351.5698
2020-01-07,1567.85,7759.2402
2020-01-08,1571.95,8165.4702
2020-01-09,1550.75,8042.6499
2020-01-10,1553.6,7817.9199
2020-01-11,,8184.6602
2020-01-12,,8021.4902
2020-01-13,1549.9,8173.9702
2020-01-14,1545.1,8105.2402
2020-01-15,1549,8842.4199
2020-01-16,1554.55,8813.8896
2020-01-17,1557.6,8722.0303
2020-01-18,,8900.3398
2020-01-19,,8910.8496
2020-01-20,1560.15,8703.3604
2020-01-21,1551.3,8626.4697
2020-01-22,1556.9,8722.2598
2020-01-23,1562.9,8658.9404
2020-01-24,1564.3,8388.1104
2020-01-25,,8428.1699
2020-01-26,,8327.3604
2020-01-27,1580.1,8588.4199
2020-01-28,1574,8895.7803
2020-01-29,1573.45,9385.6904
2020-01-30,1578.25,9279.8096
2020-01-31,1584.2,9502.3701
2020-02-01,,9333.7695
2020-02-02,,9378.0898
2020-02-03,1574.75,9314.5596
2020-02-04,1558.35,9162.1396
2020-02-05,1553.3,9162.1396
2020-02-06,1563.3,9614.9004
2020-02-07,1572.65,9755.6602
2020-02-08,,9807.54
2020-02-09,,9907.1201
2020-02-10,1573.2,10162.41
2020-02-11,1570.5,9854.79
2020-02-12,1563.7,10275.38
2020-02-13,1575.05,10354.3
2020-02-14,1581.4,10242.43
2020-02-15,,10368.53
2020-02-16,,9904.1699
2020-02-17,1580.8,9937.6699
2020-02-18,1589.85,9703.9297
2020-02-19,1604.2,10180.65
2020-02-20,1619,9604.7197
2020-02-21,1643.3,9606.8604
2020-02-22,,9696.5801
2020-02-23,,9669.6299
2020-02-24,1671.65,9989.3896
2020-02-25,1650.3,9663.75
2020-02-26,1634.9,9309.1504
2020-02-27,1652,8785.5195
2020-02-28,1609.85,8804.7197
2020-02-29,,8712.3496
2020-03-01,,8534.1699
2020-03-02,1599.65,8912.8203
2020-03-03,1615.5,8912.8203
2020-03-04,1641.85,8754.3398
2020-03-05,1659.6,8758.9004
2020-03-06,1683.65,9067.3896
2020-03-07,,9155.8896
2020-03-08,,8898.6299
2020-03-09,1672.5,8039.3799
2020-03-10,1655.7,7931.9399
2020-03-11,1653.75,7885.46
2020-03-12,1570.7,7936.6499
2020-03-13,1562.8,4830.21
2020-03-14,,5609.0298
2020-03-15,,5166.2598
2020-03-16,1487.7,5348.4399
2020-03-17,1536.2,5026.3501
2020-03-18,1498.2,5357.6099
2020-03-19,1474.25,5410.23
2020-03-20,1494.4,6195.2002
2020-03-21,,6226.4399
2020-03-22,,6189.8501
2020-03-23,1525.4,5822.6201
2020-03-24,1605.75,6502.1602
2020-03-25,1605.45,6768.4902
2020-03-26,1634.8,6698.46
2020-03-27,1617.3,6763.75
2020-03-28,,6369.0898
2020-03-29,,6260.9502
2020-03-30,1618.3,5885.4102
2020-03-31,1608.95,6405.29
2020-04-01,1576.55,6428.2798
2020-04-02,1616.8,6652.8701
2020-04-03,1613.1,6809.1099
2020-04-04,,6741.6699
2020-04-05,,6871.6899
2020-04-06,1648.3,6777.4399
2020-04-07,1649.25,7343.2002
2020-04-08,1647.8,7205.5498
2020-04-09,1680.65,7365.0298
2020-04-10,,7293.6899
2020-04-11,,6873.2402
2020-04-12,,6891.6001
2020-04-13,,6915.3701
2020-04-14,1741.9,6857.6602
2020-04-15,1718.65,6871.9502
2020-04-16,1729.5,6623.7998
2020-04-17,1692.55,7112.27
2020-04-18,,7034.8901
2020-04-19,,7259.3599
2020-04-20,1686.2,7130.04
2020-04-21,1682.05,6840.2402
2020-04-22,1710.55,6852.52
2020-04-23,1736.25,7130.9902
2020-04-24,1715.9,7477.6001
2020-04-25,,7507.0801
2020-04-26,,7549.52
2020-04-27,1714.95,7699.27
2020-04-28,1691.55,7790.6602
2020-04-29,1703.35,7765.3301
2020-04-30,1702.75,8777.6299
2020-05-01,1686.25,8628.7695
2020-05-02,,8824.6602
2020-05-03,,8973.8203
2020-05-04,1709.1,8903.9502
2020-05-05,1699.55,8885.9297
2020-05-06,1691.5,9030.96
2020-05-07,1704.05,9170.79
2020-05-08,,10002.48
2020-05-09,,9821.7998
2020-05-10,,9527.3896
2020-05-11,1702.75,8754.46
2020-05-12,1702.4,8617.25
2020-05-13,1708.4,8814.5303
2020-05-14,1731.6,9305.9297
2020-05-15,1735.35,9790.3096
2020-05-16,,9303.5898
2020-05-17,,9385.7002
2020-05-18,1734.7,9669.4004
2020-05-19,1737.95,9719.3701
2020-05-20,1748.3,9785.7402
2020-05-21,1724.9,9510.6699
2020-05-22,1733.55,9057.5703
2020-05-23,,9167.2598
2020-05-24,,9178.3203
2020-05-25,,8730.7305
2020-05-26,1720.25,8899.6602
2020-05-27,1694.6,8842.8496
2020-05-28,1717.35,9197.54
2020-05-29,1728.7,9569.21
2020-05-30,,9425.9805
2020-05-31,,9698.0996
2020-06-01,1730.6,9450.8398
2020-06-02,1742.15,10204.23
2020-06-03,1705.35,9525.5703
2020-06-04,1700.05,9658.04
2020-06-05,1683.45,9794.5596
2020-06-06,,9623.75
2020-06-07,,9670.4297
2020-06-08,1690.35,9753.8496
2020-06-09,1713.5,9782.5898
2020-06-10,1722.05,9775.1504
2020-06-11,1738.25,9892.1299
2020-06-12,1733.5,9286.4199
2020-06-13,,9459.9697
2020-06-14,,9473.5
2020-06-15,1710.45,9330.0703
2020-06-16,1719.85,9426.7002
2020-06-17,1724.35,9526
2020-06-18,1719.5,9454.8096
2020-06-19,1734.75,9380.0303
2020-06-20,,9300.1504
2020-06-21,,9357.4297
2020-06-22,1761.85,9284.7803
2020-06-23,1768.9,9691.9004
2020-06-24,1766.05,9621.4902
2020-06-25,1756.55,9276.5801
2020-06-26,1747.6,9240.8496
2020-06-27,,9154.4502
2020-06-28,,9004.2305
2020-06-29,1771.6,9127.4697
2020-06-30,1768.1,9185.3496
2020-07-01,1771.05,9133.9697
2020-07-02,1777.45,9236.3799
2020-07-03,1772.9,9087.9805
2020-07-04,,9072.4199
2020-07-05,,9131.3096
2020-07-06,1787.9,9089.0898
2020-07-07,1789.55,9348.9102
2020-07-08,1811.1,9256.2305
2020-07-09,1812.1,9440.0703
2020-07-10,1803.1,9238.04
2020-07-11,,9287.4004
2020-07-12,,9235.96
2020-07-13,1807.5,9295.9004
2020-07-14,1801.9,9238.1299
2020-07-15,1804.6,9254.5195
2020-07-16,1807.7,9193.5098
2020-07-17,1807.35,9131
2020-07-18,,9154.1904
2020-07-19,,9174.71
2020-07-20,1815.65,9214.6602
2020-07-21,1842.55,9163.8701
2020-07-22,1852.4,9392.6602
2020-07-23,1878.3,9537.4004
2020-07-24,1902.1,9613.1104
2020-07-25,,9551.2803
2020-07-26,,9707.5
2020-07-27,1936.65,9938.8301
2020-07-28,1940.9,11042.4
2020-07-29,1950.9,10934.94
2020-07-30,1957.65,11102.67
2020-07-31,1964.9,11114.93
2020-08-01,,11343.88
2020-08-02,,11823.69
2020-08-03,1958.55,11077.77
2020-08-04,1977.9,11242.57
2020-08-05,2048.1499,11194.25
2020-08-06,2067.1499,11750.28
2020-08-07,2031.15,11772.94
2020-08-08,,11605.6
2020-08-09,,11767.6
2020-08-10,2044.5,11684.06
2020-08-11,1939.65,11893.03
2020-08-12,1931.9,11392.43
2020-08-13,1944.25,11573.11
2020-08-14,1944.75,11777.43
2020-08-15,,11774.38
2020-08-16,,11873.98
2020-08-17,1972.85,11914.01
2020-08-18,2008.75,12293.72
2020-08-19,1981,11969.53
2020-08-20,1927.15,11734
2020-08-21,1924.35,11865.82
2020-08-22,,11522.8
2020-08-23,,11683.44
2020-08-24,1943.95,11653.02
2020-08-25,1911.15,11763.93
2020-08-26,1932.95,11337.4
2020-08-27,1923.85,11467.37
2020-08-28,1957.35,11302.01
2020-08-29,,11534.75
2020-08-30,,11481.64
2020-08-31,,11707.78
2020-09-01,1972.35,11659.57
2020-09-02,1947.05,11923.25
2020-09-03,1940.45,11397.44
2020-09-04,1926.3,10187.51
2020-09-05,,10467.89
2020-09-06,,10159.62
2020-09-07,1928.45,10254.93
2020-09-08,1910.95,10367.74
2020-09-09,1947.2,10121.52
2020-09-10,1966.25,10227.83
2020-09-11,1947.4,10352.66
2020-09-12,,10395.44
2020-09-13,,10446.44
2020-09-14,1958.7,10330.77
2020-09-15,1949.35,10674.64
2020-09-16,1961.8,10785.62
2020-09-17,1936.25,10948.43
2020-09-18,1950.85,10943.89
2020-09-19,,10931.79
2020-09-20,,11081.43
2020-09-21,1909.35,10919.65
2020-09-22,1906,10430.46
2020-09-23,1873.4,10532.22
2020-09-24,1861.75,10234.48
2020-09-25,1859.7,10732.43
2020-09-26,,10692.84
2020-09-27,,10732.4
2020-09-28,1864.3,10774.24
2020-09-29,1883.95,10692.33
2020-09-30,1886.9,10840.8
2020-10-01,1902,10777.92
2020-10-02,1903.05,10619.24
2020-10-03,,10575.06
2020-10-04,,10551.77
2020-10-05,1909.6,10673.46
2020-10-06,1913.4,10788.56
2020-10-07,1884.5,10603.74
2020-10-08,1887.45,10670.8
2020-10-09,1923.25,10923.3
2020-10-10,,11063.19
2020-10-11,,11302.67
2020-10-12,1925.5,11376.61
2020-10-13,1891.3,11540.04
2020-10-14,1910.05,11428.24
2020-10-15,1891.9,11431.32
2020-10-16,1905.05,11503.73
2020-10-17,,11327.57
2020-10-18,,11366.51
2020-10-19,1905.6,11508.2
2020-10-20,1898.4,11758.16
2020-10-21,1924.15,11925.46
2020-10-22,1900.95,12831.56
2020-10-23,1903.65,12990.25
2020-10-24,,12944.52
2020-10-25,,13128.46
2020-10-26,1898.45,13036.77
2020-10-27,1905.7,13076.37
2020-10-28,1869.95,13651.47
2020-10-29,1870.3,13289
2020-10-30,1881.85,13458.66
2020-10-31,,13564.72
2020-11-01,,13810.32
2020-11-02,1889.9,13758.88
2020-11-03,1908.3,13575.17
2020-11-04,1900.15,14023.31
2020-11-05,1938.45,14155.59
2020-11-06,1940.8,15591.39
2020-11-07,,15595.77
2020-11-08,,14839.84
2020-11-09,1867.3,15490.6
2020-11-10,1878.7,15328.53
2020-11-11,1860.95,15317.04
2020-11-12,1874.85,15708.65
2020-11-13,1890.9,16295.57
2020-11-14,,16339.33
2020-11-15,,16091.07
2020-11-16,1885.6,15968.16
2020-11-17,1889.05,16725.15
2020-11-18,1876.1,17679.721
2020-11-19,1857.35,17798.449
2020-11-20,1875.7,17820.57
2020-11-21,,18687.449
2020-11-22,,18699.75
2020-11-23,1840.2,18422.279
2020-11-24,1799.6,18398.91
2020-11-25,1810.2,19172.52
2020-11-26,1807.4,18739.801
2020-11-27,1779.3,17151.439
2020-11-28,,17138.869
2020-11-29,,17732.42
2020-11-30,1762.55,18191.6
2020-12-01,1810.75,19709.73
2020-12-02,1822.6,18792.52
2020-12-03,1832.35,19226.971
2020-12-04,1843,19454.539
2020-12-05,,18670.49
2020-12-06,,19155.061
2020-12-07,1859.95,19377.66
2020-12-08,1868.15,19181.41
2020-12-09,1841.75,18318.869
2020-12-10,1844.35,18554.15
2020-12-11,1842,18247.76
2020-12-12,,18029.359
2020-12-13,,18803.439
2020-12-14,1831.15,19164.48
2020-12-15,1850.65,19276.59
2020-12-16,1851.95,19439.75
2020-12-17,1890.75,21379.48
2020-12-18,1879.75,22847.461
2020-12-19,,23150.789
2020-12-20,,23869.92
2020-12-21,1880,23490.58
2020-12-22,1877.1,22745.48
2020-12-23,1875,23824.99
2020-12-24,,23253.369
2020-12-25,,23715.529
2020-12-26,,24693.58
2020-12-27,,26443.211
2020-12-28,,26246.58
2020-12-29,1874.3,27036.689
2020-12-30,1887.6,27376.369
2020-12-31,,28856.59
2021-01-01,,28982.561
2021-01-02,,29393.75
2021-01-03,,32195.461
2021-01-04,1943.2,33000.781
2021-01-05,1940.35,32035.029
2021-01-06,1931.95,34046.672
2021-01-07,1920.1,36860.41
2021-01-08,1862.9,39486.039
2021-01-09,,40670.25
2021-01-10,,40240.719
2021-01-11,1847.25,38240.09
2021-01-12,1841.25,35544.941
2021-01-13,1858.85,34011.82
2021-01-14,1841.75,37393.129
2021-01-15,1839,39158.469
2021-01-16,,36828.52
2021-01-17,,36065.199
2021-01-18,1833.05,35793.012
2021-01-19,1834.7,36632.352
2021-01-20,1856.6,36020.129
2021-01-21,1862.1,35538.98
2021-01-22,1852.7,30797.881
2021-01-23,,33002.379
2021-01-24,,32099.74
2021-01-25,1856.85,32276.84
2021-01-26,1856.6,32243.26
2021-01-27,1843,32541.801
2021-01-28,1853.7,30419.17
2021-01-29,1863.8,33403.172
2021-01-30,,34314.262
2021-01-31,,34318.102
2021-02-01,1862.95,33136.461
2021-02-02,1833.1,33522.898
2021-02-03,1835.45,35529.66
2021-02-04,1785.9,37676.25
2021-02-05,1802.95,37002.09
2021-02-06,,38278.609
2021-02-07,,39323.262
2021-02-08,1835.25,38928.102
2021-02-09,1839.6,46364.301
2021-02-10,1842.65,46589.578
2021-02-11,1840.1,44878.172
2021-02-12,1816.35,48013.379
2021-02-13,,47471.398
2021-02-14,,47185.191
2021-02-15,1817.3,48720.371
2021-02-16,1794.25,47951.852
2021-02-17,1780.7,49160.102
2021-02-18,1773.15,52118.23
2021-02-19,1786.2,51608.148
2021-02-20,,55916.5
2021-02-21,,56001.199
2021-02-22,1807.45,57487.859
2021-02-23,1799.65,54123.398
2021-02-24,1788,48880.43
2021-02-25,1779.65,50624.84
2021-02-26,1742.85,46800.422
2021-02-27,,46340.309
2021-02-28,,46155.871
2021-03-01,1734.15,45113.922
2021-03-02,1723.85,49618.43
2021-03-03,1711.4,48356.039
2021-03-04,1712.1,50477.699
2021-03-05,1696.25,48448.91
2021-03-06,,48861.379
2021-03-07,,48881.59
2021-03-08,1687.05,51169.699
2021-03-09,1716.9,52299.328
2021-03-10,1716.2,54881.52
2021-03-11,1724.25,55997.23
2021-03-12,1704.8,57764
2021-03-13,,57253.281
2021-03-14,,61258.73
2021-03-15,1723.65,59133.469
2021-03-16,1735,55754.719
2021-03-17,1729.65,56872.379
2021-03-18,1725.9,58913
2021-03-19,1735.2,57665.898
2021-03-20,,58075.102
2021-03-21,,58085.801
2021-03-22,1736.15,57411.172
2021-03-23,1726.2,54204.961
2021-03-24,1730.5,54477.461
2021-03-25,1737.3,52508.23
2021-03-26,1731.8,51415.922
2021-03-27,,55074.469
2021-03-28,,55863.93
2021-03-29,1705.95,55783.711
2021-03-30,1683.95,57627.672
2021-03-31,1691.05,58730.129
2021-04-01,1726.05,58735.25
2021-04-02,,58736.922
2021-04-03,,59031.32
2021-04-04,,57076.488
2021-04-05,,58206.551
2021-04-06,1744.65,59054.102
2021-04-07,1738.05,58020.461
2021-04-08,1755.5,55947.27
2021-04-09,1741.2,58048.59
2021-04-10,,58102.578
2021-04-11,,59774
2021-04-12,1732.85,59964.871
2021-04-13,1747.95,59834.738
2021-04-14,1735.55,63554.441
2021-04-15,1757.2,62969.121
2021-04-16,1774.45,63252.629
2021-04-17,,61455.98
2021-04-18,,60087.09
2021-04-19,1774.5,56251.48
2021-04-20,1777.85,55703.141
2021-04-21,1798.2,56507.91
2021-04-22,1787.75,53808.801
2021-04-23,1781.8,51731.711
2021-04-24,,51153.129
2021-04-25,,50110.531
2021-04-26,1773.35,49075.578
2021-04-27,1784.15,54056.641
2021-04-28,1772.2,55071.461
2021-04-29,1762.65,54884.102
2021-04-30,1767.65,53584.148
2021-05-01,,57796.621
2021-05-02,,57857.5
2021-05-03,,56610.461
2021-05-04,1797.75,57213.328
2021-05-05,1782.25,53241.719
2021-05-06,1813.15,57473.23
2021-05-07,1836.55,56428.16
2021-05-08,,57380.27
2021-05-09,,58928.809
2021-05-10,1840.45,58280.73
2021-05-11,1829.1,55883.5
2021-05-12,1830.7,56750
2021-05-13,1821.8,49007.09
2021-05-14,1838.1,49702.27
2021-05-15,,49922.52
2021-05-16,,46736.578
2021-05-17,1853.7,46441.641
2021-05-18,1866.75,43596.238
2021-05-19,1888.45,42912.191
2021-05-20,1878.3,36964.27
2021-05-21,1875.9,40784.32
2021-05-22,,37280.352
2021-05-23,,37528.301
2021-05-24,1880.15,34754.539
2021-05-25,1887,38728.59
2021-05-26,1899.75,38410.5
2021-05-27,1891.45,39266.039
2021-05-28,1899.95,38445.289
2021-05-29,,35689.621
2021-05-30,,34647.672
2021-05-31,,35684.59
2021-06-01,1899.35,37310.539
2021-06-02,1902.75,36662.641
2021-06-03,1866.55,37585.238
2021-06-04,1890.6,39188.59
2021-06-05,,36885.512
2021-06-06,,35530.379
2021-06-07,1888.4,35816.172
2021-06-08,1893.15,33514.871
2021-06-09,1894.6,33450.191
2021-06-10,1888.65,37338.359
2021-06-11,1881.05,36704.57
2021-06-12,,37313.18
2021-06-13,,35494.898
2021-06-14,1865.6,39066.82
2021-06-15,1865.1,40525.801
2021-06-16,1860.75,40188.559
2021-06-17,1778.7,38324.871
2021-06-18,1773.1,38068.039
2021-06-19,,35729.82
2021-06-20,,35524.172
2021-06-21,1775.05,35592.352
2021-06-22,1775.05,31686.551
2021-06-23,1791.6,32447.59
2021-06-24,1784.85,33674.66
2021-06-25,1786.65,34639.379
2021-06-26,,31640.58
2021-06-27,,32160.91
2021-06-28,1780.3,34644.449
2021-06-29,1755.45,34456.672
2021-06-30,1763.15,35847.699
2021-07-01,1781.5,35047.359
2021-07-02,1786.15,33536.879
2021-07-03,,33856.859
2021-07-04,,34688.98
2021-07-05,1791.35,35309.301
2021-07-06,1809.85,33747.969
2021-07-07,1804.65,34211.012
2021-07-08,1807.7,33839.039
2021-07-09,1806,32877.41
2021-07-10,,33818.52
2021-07-11,,33515.57
2021-07-12,1792.4,34227.641
2021-07-13,1813.85,33158.25
2021-07-14,1823.2,32686.561
2021-07-15,1823.75,32814.609
2021-07-16,1824.3,31738.59
2021-07-17,,31421.25
2021-07-18,,31520.66
2021-07-19,1814.9,31783.49
2021-07-20,1823.05,30815.939
2021-07-21,1802.15,29790.24
2021-07-22,1799.45,32118.061
2021-07-23,1799.6,32297.891
2021-07-24,,33581.629
2021-07-25,,34279.34
2021-07-26,1800.2,35365.199
2021-07-27,1800.35,37318.141
2021-07-28,1796.6,39405.949
2021-07-29,1829.3,40002.531
2021-07-30,1825.75,40005.93
2021-07-31,,42214.148
2021-08-01,,41659.059
2021-08-02,1811.45,40000.461
2021-08-03,1812.65,39193.941
2021-08-04,1829.1,38138
2021-08-05,1800.75,39750.141
2021-08-06,1762.9,40882
2021-08-07,,42825.949
2021-08-08,,44634.129
2021-08-09,1738.85,43816.141
2021-08-10,1723.35,46333.461
2021-08-11,1743.6,45608.371
2021-08-12,1747.4,45611.461
2021-08-13,1773.85,44417.781
2021-08-14,,47833.98
2021-08-15,,47112.191
2021-08-16,1786.35,47056.41
2021-08-17,1789.45,45982.551
2021-08-18,1783.45,44648.57
2021-08-19,1782.05,44777.859
2021-08-20,1779.05,46734.648
2021-08-21,,49327.75
2021-08-22,,48932.02
2021-08-23,1802,49335.68
2021-08-24,1808.45,49523.5
2021-08-25,1788.7,47744.578
2021-08-26,1786.6,48972.09
2021-08-27,1798.5,46962.801
2021-08-28,,49056.859
2021-08-29,,48897.648
2021-08-30,,48806.781
2021-08-31,1814.85,47074.77
2021-09-01,1811.8,47155.871
2021-09-02,1812.55,48862.762
2021-09-03,1823.7,49329.012
2021-09-04,,50035.328
2021-09-05,,49947.379
2021-09-06,1821.6,51769.059
2021-09-07,1802.15,52677.398
2021-09-08,1786,46809.172
2021-09-09,1788.25,46078.379
2021-09-10,1794.6,46368.691